dates,tmin, tmax, pluie, neige, soleil, een
1950-01-01,-15.3,-1.9,0.0,0.0,0.5,-1
1950-01-02,-6.4,1.2,0.3,0.0,0.5,-1
1950-01-03,-1.8,9.2,0.7,0.0,0.5,-1
1950-01-04,0.0,7.4,0.1,0.2,0.5,-1
1950-01-05,-19.1,-13.2,0.0,0.0,0.5,-1
1950-01-06,-17.8,-9.8,0.0,0.0,0.5,-1
1950-01-07,-17.0,-10.3,0.0,0.0,0.5,-1
1950-01-08,-30.1,-16.6,0.0,0.1,0.5,-1
1950-01-09,-27.7,-7.2,0.0,0.0,0.5,-1
1950-01-10,-16.2,2.4,0.3,0.0,0.5,-1
1950-01-11,-16.3,-12.9,0.0,0.0,0.5,-1
1950-01-12,-22.4,-8.7,0.0,0.0,0.5,-1
1950-01-13,-18.5,5.8,1.5,0.2,0.5,-1
1950-01-14,-15.7,5.2,0.3,0.0,0.5,-1
1950-01-15,-19.6,1.7,0.0,0.1,0.5,-1
1950-01-16,-16.6,-4.8,0.0,0.1,0.5,-1
1950-01-17,-19.5,-7.2,0.0,0.6,0.5,-1
1950-01-18,-18.5,-6.4,0.0,0.4,0.5,-1
1950-01-19,-35.9,-19.0,0.0,0.0,0.5,-1
1950-01-20,-36.0,-19.4,0.0,0.2,0.5,-1
1950-01-21,-28.3,-8.8,0.0,0.1,0.5,-1
1950-01-22,-17.2,-4.4,0.0,0.2,0.5,-1
1950-01-23,-15.5,-14.4,0.0,0.0,0.5,-1
1950-01-24,-23.3,1.1,0.2,0.1,0.5,-1
1950-01-25,-17.2,13.3,1.6,0.0,0.5,-1
1950-01-26,-2.7,0.5,0.0,0.0,0.5,-1
1950-01-27,-24.9,-12.7,0.0,0.0,0.5,-1
1950-01-28,-19.9,1.6,0.0,0.0,0.5,-1
1950-01-29,-11.0,2.7,0.0,0.1,0.5,-1
1950-01-30,-21.6,-17.2,0.0,0.0,0.5,-1
1950-01-31,-24.4,-13.8,0.0,0.2,0.5,-1
1950-02-01,-21.0,-6.1,0.0,0.2,0.5,-1
1950-02-02,-24.4,-4.4,0.0,0.3,0.5,-1
1950-02-03,-21.6,-7.2,0.0,0.0,0.5,-1
1950-02-04,-15.5,-11.6,0.0,0.0,0.5,-1
1950-02-05,-24.4,-13.8,0.0,0.3,0.5,-1
1950-02-06,-20.5,-8.3,0.0,0.1,0.5,-1
1950-02-07,-27.1,-16.6,0.0,0.0,0.5,-1
1950-02-08,-29.4,-8.3,0.0,0.1,0.5,-1
1950-02-09,-26.0,-6.6,0.0,0.3,0.5,-1
1950-02-10,-16.0,-2.7,0.0,0.1,0.5,-1
1950-02-11,-12.7,-2.2,0.0,0.2,0.5,-1
1950-02-12,-15.5,-6.6,0.0,0.0,0.5,-1
1950-02-13,-17.2,-2.7,0.0,0.0,0.5,-1
1950-02-14,-17.7,-4.4,0.0,0.5,0.5,-1
1950-02-15,-9.9,-2.7,0.0,0.6,0.5,-1
1950-02-16,-4.9,-1.1,0.0,0.1,0.5,-1
1950-02-17,-6.1,-2.7,0.0,0.0,0.5,-1
1950-02-18,-6.6,-2.7,0.0,1.5,0.5,-1
1950-02-19,-19.4,-16.0,0.0,0.0,0.5,-1
1950-02-20,-33.2,-19.9,0.0,0.0,0.5,-1
1950-02-21,-36.6,-17.2,0.0,0.0,0.5,-1
1950-02-22,-30.5,-11.0,0.0,0.3,0.5,-1
1950-02-23,-21.0,-8.8,0.0,0.4,0.5,-1
1950-02-24,-13.8,-7.7,0.0,0.0,0.5,-1
1950-02-25,-25.5,-16.0,0.0,0.0,0.5,-1
1950-02-26,-28.8,-17.7,0.0,0.0,0.5,-1
1950-02-27,-23.8,-12.2,0.0,0.0,0.5,-1
1950-02-28,-29.4,-8.3,0.0,0.4,0.5,-1
1950-03-01,-19.9,-7.2,0.0,0.2,0.5,-1
1950-03-02,-25.5,-23.8,0.0,0.0,0.5,-1
1950-03-03,-32.1,-20.5,0.0,0.0,0.5,-1
1950-03-04,-35.5,-1.6,0.0,0.6,0.5,-1
1950-03-05,-24.9,3.3,0.1,0.2,0.5,-1
1950-03-06,-22.7,-11.0,0.0,0.0,0.5,-1
1950-03-07,-25.5,-1.1,0.0,0.0,0.5,-1
1950-03-08,-12.2,2.7,0.8,0.2,0.5,-1
1950-03-09,-19.9,-16.0,0.0,0.1,0.5,-1
1950-03-10,-24.4,-12.2,0.0,0.2,0.5,-1
1950-03-11,-22.7,-6.1,0.0,0.2,0.5,-1
1950-03-12,-16.6,-7.2,0.0,0.0,0.5,-1
1950-03-13,-25.5,-3.3,0.0,0.0,0.5,-1
1950-03-14,-19.4,-4.4,0.0,0.0,0.5,-1
1950-03-15,-17.2,-4.4,0.0,0.2,0.5,-1
1950-03-16,-24.9,-7.2,0.0,0.0,0.5,-1
1950-03-17,-24.9,-5.5,0.0,0.0,0.5,-1
1950-03-18,-20.5,-4.9,0.0,0.0,0.5,-1
1950-03-19,-15.5,-2.2,0.0,0.0,0.5,-1
1950-03-20,-17.7,2.2,0.0,0.0,0.5,-1
1950-03-21,-10.5,7.2,0.0,0.0,0.5,-1
1950-03-22,-8.3,7.2,0.0,0.0,0.5,-1
1950-03-23,-0.5,3.8,0.2,0.8,0.5,-1
1950-03-24,-1.1,2.2,0.0,0.0,0.5,-1
1950-03-25,-3.8,2.2,0.0,0.0,0.5,-1
1950-03-26,-11.0,7.2,0.0,0.0,0.5,-1
1950-03-27,-5.5,5.5,2.0,0.4,0.5,-1
1950-03-28,-2.2,8.3,0.0,0.1,0.5,-1
1950-03-29,-9.4,-3.8,0.0,0.0,0.5,-1
1950-03-30,-14.9,-2.2,0.0,0.0,0.5,-1
1950-03-31,-13.8,5.5,0.0,0.0,0.5,-1
1950-04-01,-7.2,3.8,0.1,0.4,0.5,-1
1950-04-02,-4.9,2.2,0.2,0.2,0.5,-1
1950-04-03,-1.1,2.2,0.5,0.2,0.5,-1
1950-04-04,-0.5,6.1,0.8,0.0,0.5,-1
1950-04-05,-0.5,0.0,0.0,0.0,0.5,-1
1950-04-06,-17.2,-2.7,0.0,0.0,0.5,-1
1950-04-07,-14.4,3.8,0.0,0.1,0.5,-1
1950-04-08,-11.0,-2.7,0.0,0.3,0.5,-1
1950-04-09,-14.9,0.5,0.0,0.0,0.5,-1
1950-04-10,-12.7,6.1,0.0,0.0,0.5,-1
1950-04-11,-7.7,2.2,0.3,0.5,0.5,-1
1950-04-12,-9.4,-6.1,0.0,0.3,0.5,-1
1950-04-13,-18.8,0.0,0.0,0.0,0.5,-1
1950-04-14,-12.7,0.5,0.0,0.0,0.5,-1
1950-04-15,-7.7,6.1,0.0,0.0,0.5,-1
1950-04-16,-4.9,11.6,0.1,0.0,0.5,-1
1950-04-17,1.6,14.4,0.1,0.0,0.5,-1
1950-04-18,2.2,12.7,0.0,0.0,0.5,-1
1950-04-19,2.7,14.9,1.1,0.0,0.5,-1
1950-04-20,1.6,7.2,0.0,0.0,0.5,-1
1950-04-21,-1.1,6.6,0.0,0.0,0.5,-1
1950-04-22,-1.6,7.2,0.0,0.0,0.5,-1
1950-04-23,-1.6,6.6,0.0,0.0,0.5,-1
1950-04-24,-4.4,6.1,0.0,0.0,0.5,-1
1950-04-25,-4.4,8.8,0.3,0.0,0.5,-1
1950-04-26,0.0,7.2,0.0,0.0,0.5,-1
1950-04-27,-1.6,6.6,0.0,0.0,0.5,-1
1950-04-28,0.5,4.4,0.0,0.0,0.5,-1
1950-04-29,-1.6,3.3,0.0,0.0,0.5,-1
1950-04-30,-2.2,11.0,0.0,0.0,0.5,-1
1950-05-01,1.6,8.8,0.0,0.0,0.5,-1
1950-05-02,0.5,7.7,0.0,0.0,0.5,-1
1950-05-03,-3.3,7.2,0.1,0.0,0.5,-1
1950-05-04,-1.1,13.8,0.0,0.0,0.5,-1
1950-05-05,1.6,17.7,0.0,0.0,0.5,-1
1950-05-06,4.4,17.7,0.0,0.0,0.5,-1
1950-05-07,-4.9,3.3,0.0,0.0,0.5,-1
1950-05-08,-4.4,12.2,0.1,0.0,0.5,-1
1950-05-09,-3.3,13.8,0.2,0.0,0.5,-1
1950-05-10,3.3,10.5,0.1,0.0,0.5,-1
1950-05-11,1.1,12.7,0.0,0.2,0.5,-1
1950-05-12,-0.5,8.8,0.2,0.9,0.5,-1
1950-05-13,-0.5,5.5,0.0,0.0,0.5,-1
1950-05-14,-5.5,16.6,0.4,0.0,0.5,-1
1950-05-15,2.7,13.8,0.0,0.0,0.5,-1
1950-05-16,-0.5,14.9,0.0,0.0,0.5,-1
1950-05-17,3.3,15.5,0.0,0.0,0.5,-1
1950-05-18,4.9,17.7,0.0,0.0,0.5,-1
1950-05-19,4.4,19.4,0.0,0.0,0.5,-1
1950-05-20,1.6,22.1,0.0,0.0,0.5,-1
1950-05-21,1.6,24.4,0.0,0.0,0.5,-1
1950-05-22,7.2,24.4,0.0,0.0,0.5,-1
1950-05-23,10.5,24.4,0.0,0.0,0.5,-1
1950-05-24,7.2,26.0,0.0,0.0,0.5,-1
1950-05-25,9.4,27.1,0.0,0.0,0.5,-1
1950-05-26,9.9,27.1,0.0,0.0,0.5,-1
1950-05-27,11.0,24.9,3.2,0.0,0.5,-1
1950-05-28,12.7,17.7,0.0,0.0,0.5,-1
1950-05-29,9.9,22.1,0.1,0.0,0.5,-1
1950-05-30,8.3,21.0,0.0,0.0,0.5,-1
1950-05-31,9.9,21.0,1.0,0.0,0.5,-1
1950-06-01,12.2,20.5,0.1,0.0,0.5,-1
1950-06-02,7.7,22.7,0.1,0.0,0.5,-1
1950-06-03,12.2,17.7,0.0,0.0,0.5,-1
1950-06-04,3.3,11.6,0.1,0.0,0.5,-1
1950-06-05,4.9,18.3,0.0,0.0,0.5,-1
1950-06-06,8.8,21.6,0.3,0.0,0.5,-1
1950-06-07,6.1,27.7,0.5,0.0,0.5,-1
1950-06-08,11.6,14.9,0.3,0.0,0.5,-1
1950-06-09,8.8,29.9,0.1,0.0,0.5,-1
1950-06-10,13.3,22.7,0.5,0.0,0.5,-1
1950-06-11,2.7,12.7,0.0,0.0,0.5,-1
1950-06-12,1.6,22.7,0.0,0.0,0.5,-1
1950-06-13,11.6,23.3,0.1,0.0,0.5,-1
1950-06-14,12.7,19.9,0.0,0.0,0.5,-1
1950-06-15,8.3,25.5,0.0,0.0,0.5,-1
1950-06-16,13.8,22.1,4.1,0.0,0.5,-1
1950-06-17,1.6,11.0,0.7,0.0,0.5,-1
1950-06-18,4.4,17.2,0.0,0.0,0.5,-1
1950-06-19,6.6,19.9,0.0,0.0,0.5,-1
1950-06-20,11.0,22.1,1.8,0.0,0.5,-1
1950-06-21,4.9,13.3,0.0,0.0,0.5,-1
1950-06-22,2.2,17.2,0.9,0.0,0.5,-1
1950-06-23,10.5,26.6,1.2,0.0,0.5,-1
1950-06-24,14.9,28.3,0.0,0.0,0.5,-1
1950-06-25,14.9,24.4,0.0,0.0,0.5,-1
1950-06-26,9.4,27.7,0.0,0.0,0.5,-1
1950-06-27,12.7,17.7,0.4,0.0,0.5,-1
1950-06-28,8.8,22.7,0.2,0.0,0.5,-1
1950-06-29,11.0,18.8,0.2,0.0,0.5,-1
1950-06-30,4.9,20.5,0.6,0.0,0.5,-1
1950-07-01,9.9,16.6,0.0,0.0,0.5,-1
1950-07-02,4.9,16.0,0.4,0.0,0.5,-1
1950-07-03,11.0,21.0,0.0,0.0,0.5,-1
1950-07-04,9.4,19.9,0.0,0.0,0.5,-1
1950-07-05,9.4,19.4,0.3,0.0,0.5,-1
1950-07-06,11.0,16.6,0.3,0.0,0.5,-1
1950-07-07,11.0,27.1,0.2,0.0,0.5,-1
1950-07-08,11.0,26.0,0.0,0.0,0.5,-1
1950-07-09,9.9,27.7,0.0,0.0,0.5,-1
1950-07-10,9.4,28.8,0.0,0.0,0.5,-1
1950-07-11,11.0,26.0,0.0,0.0,0.5,-1
1950-07-12,13.3,28.3,0.0,0.0,0.5,-1
1950-07-13,17.7,24.9,1.6,0.0,0.5,-1
1950-07-14,7.7,14.9,0.0,0.0,0.5,-1
1950-07-15,8.3,21.0,0.1,0.0,0.5,-1
1950-07-16,12.7,25.5,0.3,0.0,0.5,-1
1950-07-17,17.2,22.1,0.4,0.0,0.5,-1
1950-07-18,17.7,20.5,0.3,0.0,0.5,-1
1950-07-19,9.9,18.8,0.0,0.0,0.5,-1
1950-07-20,5.5,18.8,0.0,0.0,0.5,-1
1950-07-21,4.4,22.1,0.0,0.0,0.5,-1
1950-07-22,5.5,27.1,0.0,0.0,0.5,-1
1950-07-23,12.2,26.0,0.8,0.0,0.5,-1
1950-07-24,14.9,22.1,6.9,0.0,0.5,-1
1950-07-25,14.4,17.7,0.2,0.0,0.5,-1
1950-07-26,11.6,22.1,0.0,0.0,0.5,-1
1950-07-27,13.3,22.1,0.0,0.0,0.5,-1
1950-07-28,12.2,23.8,0.7,0.0,0.5,-1
1950-07-29,14.4,22.1,0.0,0.0,0.5,-1
1950-07-30,6.6,17.7,0.0,0.0,0.5,-1
1950-07-31,3.3,19.4,0.0,0.0,0.5,-1
1950-08-01,9.4,21.0,0.2,0.0,0.5,-1
1950-08-02,11.6,14.4,1.1,0.0,0.5,-1
1950-08-03,12.7,20.5,0.6,0.0,0.5,-1
1950-08-04,12.7,20.5,0.5,0.0,0.5,-1
1950-08-05,12.7,23.3,0.0,0.0,0.5,-1
1950-08-06,8.3,24.9,0.0,0.0,0.5,-1
1950-08-07,6.1,27.7,0.0,0.0,0.5,-1
1950-08-08,9.9,26.6,0.0,0.0,0.5,-1
1950-08-09,16.0,27.1,0.1,0.0,0.5,-1
1950-08-10,16.0,17.7,0.0,0.0,0.5,-1
1950-08-11,8.8,17.7,0.0,0.0,0.5,-1
1950-08-12,3.3,22.1,0.0,0.0,0.5,-1
1950-08-13,7.7,19.9,0.0,0.0,0.5,-1
1950-08-14,2.7,22.7,0.0,0.0,0.5,-1
1950-08-15,6.6,23.8,0.3,0.0,0.5,-1
1950-08-16,12.7,22.7,0.2,0.0,0.5,-1
1950-08-17,12.2,24.4,1.4,0.0,0.5,-1
1950-08-18,4.9,17.2,0.2,0.0,0.5,-1
1950-08-19,5.5,13.8,0.7,0.0,0.5,-1
1950-08-20,8.3,14.9,0.1,0.0,0.5,-1
1950-08-21,1.1,18.3,0.0,0.0,0.5,-1
1950-08-22,7.2,18.8,0.1,0.0,0.5,-1
1950-08-23,12.2,24.4,0.3,0.0,0.5,-1
1950-08-24,8.8,23.3,0.2,0.0,0.5,-1
1950-08-25,13.8,22.1,0.8,0.0,0.5,-1
1950-08-26,4.9,19.9,0.1,0.0,0.5,-1
1950-08-27,9.9,18.3,2.1,0.0,0.5,-1
1950-08-28,13.8,17.2,0.2,0.0,0.5,-1
1950-08-29,7.7,13.8,0.0,0.0,0.5,-1
1950-08-30,0.0,19.4,0.0,0.0,0.5,-1
1950-08-31,6.6,18.3,0.1,0.0,0.5,-1
1950-09-01,12.2,16.6,0.0,0.0,0.5,-1
1950-09-02,3.3,15.5,0.0,0.0,0.5,-1
1950-09-03,3.3,16.6,0.9,0.0,0.5,-1
1950-09-04,4.9,11.0,0.3,0.0,0.5,-1
1950-09-05,7.7,17.7,0.1,0.0,0.5,-1
1950-09-06,3.8,22.1,0.0,0.0,0.5,-1
1950-09-07,11.0,24.4,0.0,0.0,0.5,-1
1950-09-08,6.1,23.8,0.0,0.0,0.5,-1
1950-09-09,6.1,22.1,0.0,0.0,0.5,-1
1950-09-10,7.2,16.6,0.0,0.0,0.5,-1
1950-09-11,7.7,17.7,0.0,0.0,0.5,-1
1950-09-12,4.9,17.2,0.0,0.0,0.5,-1
1950-09-13,3.8,17.7,0.0,0.0,0.5,-1
1950-09-14,4.4,13.3,0.8,0.0,0.5,-1
1950-09-15,10.5,14.9,0.3,0.0,0.5,-1
1950-09-16,3.3,9.9,0.0,0.0,0.5,-1
1950-09-17,0.5,12.7,0.0,0.0,0.5,-1
1950-09-18,-1.6,12.2,0.5,0.0,0.5,-1
1950-09-19,5.5,11.6,0.0,0.0,0.5,-1
1950-09-20,-2.7,14.4,0.2,0.0,0.5,-1
1950-09-21,0.5,11.0,0.0,0.0,0.5,-1
1950-09-22,-3.3,7.7,0.9,0.0,0.5,-1
1950-09-23,0.5,3.8,0.3,0.5,0.5,-1
1950-09-24,0.0,3.8,0.0,0.0,0.5,-1
1950-09-25,-0.5,7.2,0.0,0.0,0.5,-1
1950-09-26,-3.3,13.3,0.0,0.0,0.5,-1
1950-09-27,1.1,18.3,0.0,0.0,0.5,-1
1950-09-28,9.4,21.6,0.0,0.0,0.5,-1
1950-09-29,10.5,22.7,0.0,0.0,0.5,-1
1950-09-30,11.0,23.8,0.0,0.0,0.5,-1
1950-10-01,13.3,25.5,0.0,0.0,0.5,-1
1950-10-02,11.6,26.6,0.1,0.0,0.5,-1
1950-10-03,15.5,16.6,0.0,0.0,0.5,-1
1950-10-04,1.1,4.9,0.0,0.0,0.5,-1
1950-10-05,1.1,11.6,0.0,0.0,0.5,-1
1950-10-06,2.2,12.2,0.0,0.0,0.5,-1
1950-10-07,6.6,17.7,0.0,0.0,0.5,-1
1950-10-08,8.8,16.6,0.1,0.0,0.5,-1
1950-10-09,7.2,13.3,0.1,0.0,0.5,-1
1950-10-10,6.6,12.2,0.4,0.0,0.5,-1
1950-10-11,6.1,7.7,0.4,0.0,0.5,-1
1950-10-12,6.1,8.8,2.3,0.0,0.5,-1
1950-10-13,1.1,1.6,0.3,0.0,0.5,-1
1950-10-14,0.0,2.2,0.0,0.0,0.5,-1
1950-10-15,-3.3,7.2,0.0,0.0,0.5,-1
1950-10-16,-6.1,7.7,1.2,0.0,0.5,-1
1950-10-17,0.0,12.7,0.0,0.0,0.5,-1
1950-10-18,-1.6,8.3,0.1,0.0,0.5,-1
1950-10-19,0.0,21.0,0.4,0.0,0.5,-1
1950-10-20,0.0,2.7,0.3,0.5,0.5,-1
1950-10-21,-1.1,2.2,0.0,0.0,0.5,-1
1950-10-22,-1.1,3.3,0.0,0.4,0.5,-1
1950-10-23,-2.2,1.6,0.0,0.0,0.5,-1
1950-10-24,-6.1,2.7,0.4,0.1,0.5,-1
1950-10-25,-2.7,3.3,0.3,0.0,0.5,-1
1950-10-26,-2.2,0.0,0.0,0.0,0.5,-1
1950-10-27,-9.4,4.4,0.0,0.0,0.5,-1
1950-10-28,-6.1,9.4,0.1,0.0,0.5,-1
1950-10-29,1.6,12.7,0.0,0.0,0.5,-1
1950-10-30,4.9,15.5,0.0,0.0,0.5,-1
1950-10-31,-2.2,11.0,0.0,0.0,0.5,-1
1950-11-01,0.0,14.4,0.1,0.0,0.5,-1
1950-11-02,6.1,13.3,0.0,0.0,0.5,-1
1950-11-03,-2.7,1.6,0.0,0.0,0.5,-1
1950-11-04,-4.4,-1.6,0.0,1.2,0.5,-1
1950-11-05,-2.7,-2.2,0.1,0.7,0.5,-1
1950-11-06,-7.7,2.7,0.4,0.2,0.5,-1
1950-11-07,-7.7,5.5,0.5,0.0,0.5,-1
1950-11-08,-4.9,2.7,1.2,0.4,0.5,-1
1950-11-09,0.0,8.3,0.7,0.1,0.5,-1
1950-11-10,-2.7,-1.1,0.0,0.0,0.5,-1
1950-11-11,-8.8,-3.3,0.0,0.0,0.5,-1
1950-11-12,-13.8,-2.2,0.0,0.0,0.5,-1
1950-11-13,-8.8,-1.6,0.0,0.4,0.5,-1
1950-11-14,-5.5,5.5,0.2,0.0,0.5,-1
1950-11-15,-2.7,3.8,0.4,0.0,0.5,-1
1950-11-16,1.1,7.7,1.2,0.0,0.5,-1
1950-11-17,-0.5,0.0,0.0,0.0,0.5,-1
1950-11-18,-6.6,1.6,0.0,0.0,0.5,-1
1950-11-19,-7.2,7.7,0.6,0.3,0.5,-1
1950-11-20,-1.6,1.1,0.1,1.0,0.5,-1
1950-11-21,-7.7,-6.1,0.0,0.2,0.5,-1
1950-11-22,-8.3,-7.7,0.0,0.0,0.5,-1
1950-11-23,-17.7,-3.8,0.0,0.0,0.5,-1
1950-11-24,-16.0,0.5,0.0,0.1,0.5,-1
1950-11-25,-4.4,3.3,0.4,0.0,0.5,-1
1950-11-26,-2.7,3.3,0.1,0.1,0.5,-1
1950-11-27,0.5,1.1,0.0,0.1,0.5,-1
1950-11-28,-6.1,0.5,0.2,0.5,0.5,-1
1950-11-29,-4.4,1.1,0.0,0.2,0.5,-1
1950-11-30,-6.1,-3.8,0.0,0.0,0.5,-1
1950-12-01,-6.6,-3.8,0.0,0.2,0.5,-1
1950-12-02,-9.9,-1.1,0.2,0.3,0.5,-1
1950-12-03,-9.4,2.7,1.2,0.0,0.5,-1
1950-12-04,-2.2,1.6,0.0,0.0,0.5,-1
1950-12-05,-12.2,-7.2,0.0,0.0,0.5,-1
1950-12-06,-14.4,-4.9,0.0,0.0,0.5,-1
1950-12-07,-13.3,2.2,0.1,0.0,0.5,-1
1950-12-08,-6.1,0.0,0.2,0.2,0.5,-1
1950-12-09,-3.8,-2.2,0.0,0.0,0.5,-1
1950-12-10,-3.8,-1.1,0.0,0.0,0.5,-1
1950-12-11,-5.5,-2.7,0.0,0.4,0.5,-1
1950-12-12,-8.3,-8.3,0.0,0.3,0.5,-1
1950-12-13,-13.8,-7.7,0.0,0.0,0.5,-1
1950-12-14,-14.4,-9.4,0.0,0.0,0.5,-1
1950-12-15,-17.7,-7.2,0.0,0.0,0.5,-1
1950-12-16,-15.5,-6.6,0.0,0.5,0.5,-1
1950-12-17,-12.2,-7.2,0.0,0.1,0.5,-1
1950-12-18,-19.4,-11.0,0.0,0.0,0.5,-1
1950-12-19,-23.8,-11.0,0.0,0.2,0.5,-1
1950-12-20,-22.1,-11.0,0.0,0.1,0.5,-1
1950-12-21,-17.7,-6.6,0.0,0.7,0.5,-1
1950-12-22,-15.5,-4.4,0.0,0.0,0.5,-1
1950-12-23,-17.7,-3.8,0.0,0.6,0.5,-1
1950-12-24,-17.7,-2.7,0.0,0.4,0.5,-1
1950-12-25,-23.3,-22.7,0.0,0.0,0.5,-1
1950-12-26,-30.5,-20.5,0.0,0.0,0.5,-1
1950-12-27,-30.5,-7.2,0.0,0.7,0.5,-1
1950-12-28,-28.3,-6.6,0.0,0.2,0.5,-1
1950-12-29,-13.3,-5.5,0.0,0.1,0.5,-1
1950-12-30,-10.5,-6.1,0.0,0.2,0.5,-1
1950-12-31,-10.5,-7.2,0.0,0.0,0.5,-1
1951-01-01,-24.4,-2.2,0.0,0.1,0.5,-1
1951-01-02,-19.9,2.7,0.4,0.2,0.5,-1
1951-01-03,-2.2,2.2,0.2,1.0,0.5,-1
1951-01-04,-7.7,-7.7,0.0,0.1,0.5,-1
1951-01-05,-24.4,-14.4,0.0,0.0,0.5,-1
1951-01-06,-24.4,-12.7,0.0,0.0,0.5,-1
1951-01-07,-31.0,-12.7,0.0,0.0,0.5,-1
1951-01-08,-30.5,-12.2,0.0,0.0,0.5,-1
1951-01-09,-25.5,-2.7,0.0,0.1,0.5,-1
1951-01-10,-12.7,-1.1,0.0,0.0,0.5,-1
1951-01-11,-3.3,-0.5,0.0,0.4,0.5,-1
1951-01-12,-6.1,-4.9,0.0,0.0,0.5,-1
1951-01-13,-12.7,-4.4,0.0,0.0,0.5,-1
1951-01-14,-17.7,-7.2,0.0,0.6,0.5,-1
1951-01-15,-17.2,-4.9,0.0,0.8,0.5,-1
1951-01-16,-9.9,-8.8,0.0,0.0,0.5,-1
1951-01-17,-21.6,-4.9,0.0,0.3,0.5,-1
1951-01-18,-11.0,-1.1,0.0,0.0,0.5,-1
1951-01-19,-7.2,1.1,0.0,0.1,0.5,-1
1951-01-20,-13.8,-8.8,0.0,1.9,0.5,-1
1951-01-21,-18.8,-18.8,0.0,0.0,0.5,-1
1951-01-22,-34.4,-18.3,0.0,0.2,0.5,-1
1951-01-23,-34.4,-3.3,0.0,0.7,0.5,-1
1951-01-24,-21.0,-1.1,0.0,0.5,0.5,-1
1951-01-25,-16.6,-7.7,0.0,0.1,0.5,-1
1951-01-26,-17.2,-11.0,0.0,0.0,0.5,-1
1951-01-27,-27.7,-19.4,0.0,0.0,0.5,-1
1951-01-28,-31.0,-18.8,0.0,0.0,0.5,-1
1951-01-29,-29.4,-14.9,0.0,0.0,0.5,-1
1951-01-30,-38.2,-24.9,0.0,0.0,0.5,-1
1951-01-31,-38.8,-17.2,0.0,0.3,0.5,-1
1951-02-01,-28.8,-14.9,0.0,1.5,0.5,-1
1951-02-02,-19.4,-12.2,0.0,0.1,0.5,-1
1951-02-03,-19.4,-9.4,0.0,0.0,0.5,-1
1951-02-04,-18.3,-7.7,0.0,0.1,0.5,-1
1951-02-05,-17.2,-12.7,0.0,0.2,0.5,-1
1951-02-06,-29.9,-1.6,0.0,0.9,0.5,-1
1951-02-07,-26.0,0.0,0.0,0.3,0.5,-1
1951-02-08,-27.1,-18.3,0.0,0.0,0.5,-1
1951-02-09,-32.1,-23.3,0.0,0.0,0.5,-1
1951-02-10,-40.5,-11.0,0.0,1.1,0.5,-1
1951-02-11,-38.8,-5.5,0.0,0.4,0.5,-1
1951-02-12,-11.0,-1.6,0.0,0.3,0.5,-1
1951-02-13,-17.2,-13.3,0.0,0.1,0.5,-1
1951-02-14,-26.6,-12.7,0.0,0.0,0.5,-1
1951-02-15,-32.1,-6.6,0.0,0.0,0.5,-1
1951-02-16,-31.0,-1.6,0.0,0.0,0.5,-1
1951-02-17,-23.3,-2.2,0.0,0.1,0.5,-1
1951-02-18,-8.3,1.1,0.0,0.0,0.5,-1
1951-02-19,-2.2,2.2,0.3,0.2,0.5,-1
1951-02-20,0.0,2.2,0.1,0.0,0.5,-1
1951-02-21,0.0,2.2,0.1,0.0,0.5,-1
1951-02-22,-1.1,-1.1,0.0,0.1,0.5,-1
1951-02-23,-13.3,-7.7,0.0,0.0,0.5,-1
1951-02-24,-17.7,-1.1,0.0,0.0,0.5,-1
1951-02-25,-16.0,3.3,0.0,0.0,0.5,-1
1951-02-26,-2.7,2.2,0.0,0.8,0.5,-1
1951-02-27,-3.3,-1.1,0.0,0.3,0.5,-1
1951-02-28,-16.6,-2.2,0.0,0.0,0.5,-1
1951-03-01,-17.2,-8.8,0.0,0.9,0.5,-1
1951-03-02,-12.2,-3.8,0.0,0.4,0.5,-1
1951-03-03,-10.5,-0.5,0.0,0.8,0.5,-1
1951-03-04,-7.7,-1.1,0.1,0.0,0.5,-1
1951-03-05,-13.8,0.5,0.0,0.0,0.5,-1
1951-03-06,-14.9,2.7,0.0,0.0,0.5,-1
1951-03-07,-12.2,6.6,0.0,0.0,0.5,-1
1951-03-08,-14.4,-7.2,0.0,0.0,0.5,-1
1951-03-09,-23.3,-6.6,0.0,0.0,0.5,-1
1951-03-10,-21.0,-3.8,0.0,0.0,0.5,-1
1951-03-11,-14.4,1.6,0.0,0.0,0.5,-1
1951-03-12,-13.3,6.6,0.0,0.0,0.5,-1
1951-03-13,-5.5,7.7,0.0,0.0,0.5,-1
1951-03-14,-6.1,8.3,0.0,0.0,0.5,-1
1951-03-15,-3.8,3.8,0.3,0.2,0.5,-1
1951-03-16,-2.2,2.7,0.0,0.1,0.5,-1
1951-03-17,-7.7,0.0,0.0,0.0,0.5,-1
1951-03-18,-7.2,6.1,0.0,0.0,0.5,-1
1951-03-19,-2.7,1.6,0.0,2.0,0.5,-1
1951-03-20,-7.2,-3.3,0.0,0.1,0.5,-1
1951-03-21,-11.0,-6.1,0.0,0.1,0.5,-1
1951-03-22,-16.6,-3.3,0.0,0.6,0.5,-1
1951-03-23,-12.7,-1.1,0.0,0.0,0.5,-1
1951-03-24,-10.5,-3.8,0.1,0.6,0.5,-1
1951-03-25,-16.0,-9.4,0.0,0.2,0.5,-1
1951-03-26,-22.1,-2.7,0.0,0.0,0.5,-1
1951-03-27,-17.7,0.0,0.0,0.3,0.5,-1
1951-03-28,-11.6,11.6,0.0,0.0,0.5,-1
1951-03-29,-1.6,8.8,1.0,0.0,0.5,-1
1951-03-30,3.3,7.2,1.0,0.0,0.5,-1
1951-03-31,2.7,5.5,0.0,0.0,0.5,-1
1951-04-01,-0.5,6.1,0.6,0.1,0.5,-1
1951-04-02,1.1,2.2,0.1,0.1,0.5,-1
1951-04-03,0.0,2.7,0.1,1.5,0.5,-1
1951-04-04,0.0,1.1,0.3,0.0,0.5,-1
1951-04-05,-0.5,7.2,0.0,0.0,0.5,-1
1951-04-06,-4.9,15.5,0.0,0.0,0.5,-1
1951-04-07,-4.4,17.2,0.0,0.0,0.5,-1
1951-04-08,-0.5,11.0,0.0,0.0,0.5,-1
1951-04-09,2.2,12.2,0.3,0.0,0.5,-1
1951-04-10,2.2,9.9,0.1,0.0,0.5,-1
1951-04-11,1.1,13.8,0.0,0.0,0.5,-1
1951-04-12,0.0,11.6,1.0,0.0,0.5,-1
1951-04-13,2.2,6.6,0.1,0.0,0.5,-1
1951-04-14,1.6,4.4,0.4,0.0,0.5,-1
1951-04-15,0.5,4.4,0.0,0.3,0.5,-1
1951-04-16,-1.1,2.7,0.0,0.0,0.5,-1
1951-04-17,-1.1,4.9,0.1,0.0,0.5,-1
1951-04-18,-1.1,4.9,0.0,0.5,0.5,-1
1951-04-19,-1.1,2.7,0.1,0.1,0.5,-1
1951-04-20,-3.3,2.7,0.0,0.0,0.5,-1
1951-04-21,-5.5,8.8,0.2,0.0,0.5,-1
1951-04-22,-1.1,8.3,1.4,0.0,0.5,-1
1951-04-23,-1.6,3.8,0.1,0.0,0.5,-1
1951-04-24,0.5,9.9,0.0,0.0,0.5,-1
1951-04-25,-2.2,9.9,0.0,0.0,0.5,-1
1951-04-26,0.0,13.3,0.0,0.0,0.5,-1
1951-04-27,-4.4,16.6,0.0,0.0,0.5,-1
1951-04-28,-1.6,17.7,0.0,0.0,0.5,-1
1951-04-29,7.2,10.5,0.0,0.0,0.5,-1
1951-04-30,-1.1,14.9,0.0,0.0,0.5,-1
1951-05-01,-3.3,18.3,0.0,0.0,0.5,-1
1951-05-02,0.0,14.9,0.0,0.0,0.5,-1
1951-05-03,0.5,12.2,0.0,0.0,0.5,-1
1951-05-04,-4.4,11.0,0.0,0.0,0.5,-1
1951-05-05,-0.5,13.8,0.0,0.0,0.5,-1
1951-05-06,1.6,11.6,0.1,0.0,0.5,-1
1951-05-07,2.7,9.4,0.3,0.0,0.5,-1
1951-05-08,-1.1,11.0,0.8,0.0,0.5,-1
1951-05-09,1.6,7.7,0.0,0.0,0.5,-1
1951-05-10,-2.2,11.0,0.0,0.0,0.5,-1
1951-05-11,-4.4,16.0,0.0,0.0,0.5,-1
1951-05-12,2.7,7.7,0.0,0.0,0.5,-1
1951-05-13,-4.4,9.9,0.0,0.0,0.5,-1
1951-05-14,-2.7,22.1,0.0,0.0,0.5,-1
1951-05-15,7.2,21.0,0.1,0.0,0.5,-1
1951-05-16,7.7,9.4,0.1,0.0,0.5,-1
1951-05-17,-1.1,17.2,0.0,0.0,0.5,-1
1951-05-18,-3.8,22.7,0.0,0.0,0.5,-1
1951-05-19,1.1,26.6,0.0,0.0,0.5,-1
1951-05-20,7.2,27.1,0.0,0.0,0.5,-1
1951-05-21,14.4,23.8,0.7,0.0,0.5,-1
1951-05-22,8.8,18.3,0.1,0.0,0.5,-1
1951-05-23,4.9,17.2,0.0,0.0,0.5,-1
1951-05-24,-1.6,22.1,0.0,0.0,0.5,-1
1951-05-25,2.7,27.7,0.0,0.0,0.5,-1
1951-05-26,8.3,27.7,0.0,0.0,0.5,-1
1951-05-27,11.6,16.6,0.9,0.0,0.5,-1
1951-05-28,9.9,17.7,0.1,0.0,0.5,-1
1951-05-29,8.3,19.4,0.1,0.0,0.5,-1
1951-05-30,7.7,22.1,0.1,0.0,0.5,-1
1951-05-31,7.2,26.0,0.0,0.0,0.5,-1
1951-06-01,9.9,21.6,0.1,0.0,0.5,-1
1951-06-02,6.6,17.2,0.0,0.0,0.5,-1
1951-06-03,8.8,13.8,1.7,0.0,0.5,-1
1951-06-04,11.0,12.7,0.0,0.0,0.5,-1
1951-06-05,-1.6,19.4,0.0,0.0,0.5,-1
1951-06-06,2.2,13.8,0.0,0.0,0.5,-1
1951-06-07,-1.6,17.2,0.0,0.0,0.5,-1
1951-06-08,0.0,22.1,0.0,0.0,0.5,-1
1951-06-09,1.6,22.7,0.0,0.0,0.5,-1
1951-06-10,12.2,17.2,1.3,0.0,0.5,-1
1951-06-11,10.5,11.0,0.4,0.0,0.5,-1
1951-06-12,7.7,18.3,0.0,0.0,0.5,-1
1951-06-13,5.5,22.7,0.2,0.0,0.5,-1
1951-06-14,12.2,14.4,0.4,0.0,0.5,-1
1951-06-15,8.3,20.5,0.0,0.0,0.5,-1
1951-06-16,8.3,21.6,1.8,0.0,0.5,-1
1951-06-17,9.9,18.8,0.4,0.0,0.5,-1
1951-06-18,11.0,27.7,0.5,0.0,0.5,-1
1951-06-19,13.8,22.7,0.2,0.0,0.5,-1
1951-06-20,15.5,23.8,1.5,0.0,0.5,-1
1951-06-21,12.2,18.3,0.3,0.0,0.5,-1
1951-06-22,3.8,21.0,0.2,0.0,0.5,-1
1951-06-23,10.5,14.4,0.7,0.0,0.5,-1
1951-06-24,11.0,22.1,1.3,0.0,0.5,-1
1951-06-25,8.8,17.7,0.0,0.0,0.5,-1
1951-06-26,3.3,21.0,0.4,0.0,0.5,-1
1951-06-27,9.9,13.8,0.2,0.0,0.5,-1
1951-06-28,8.8,20.5,0.1,0.0,0.5,-1
1951-06-29,12.2,22.7,0.0,0.0,0.5,-1
1951-06-30,13.8,18.3,0.2,0.0,0.5,-1
1951-07-01,9.4,18.3,1.3,0.0,0.5,-1
1951-07-02,11.0,21.0,0.8,0.0,0.5,-1
1951-07-03,11.0,19.9,0.1,0.0,0.5,-1
1951-07-04,8.8,12.2,1.2,0.0,0.5,-1
1951-07-05,9.9,20.5,0.5,0.0,0.5,-1
1951-07-06,9.9,27.1,0.0,0.0,0.5,-1
1951-07-07,12.7,26.6,0.0,0.0,0.5,-1
1951-07-08,17.7,27.7,0.6,0.0,0.5,-1
1951-07-09,17.7,21.6,1.0,0.0,0.5,-1
1951-07-10,17.2,25.5,0.1,0.0,0.5,-1
1951-07-11,9.9,17.7,0.0,0.0,0.5,-1
1951-07-12,3.8,21.0,0.0,0.0,0.5,-1
1951-07-13,8.8,23.8,0.0,0.0,0.5,-1
1951-07-14,13.8,25.5,0.1,0.0,0.5,-1
1951-07-15,14.4,18.8,0.2,0.0,0.5,-1
1951-07-16,13.3,21.0,0.1,0.0,0.5,-1
1951-07-17,7.7,19.9,0.0,0.0,0.5,-1
1951-07-18,2.2,22.1,0.6,0.0,0.5,-1
1951-07-19,12.7,19.9,0.5,0.0,0.5,-1
1951-07-20,11.6,18.3,0.1,0.0,0.5,-1
1951-07-21,7.2,18.8,0.3,0.0,0.5,-1
1951-07-22,13.8,21.0,0.2,0.0,0.5,-1
1951-07-23,3.8,22.7,0.0,0.0,0.5,-1
1951-07-24,8.8,26.0,0.0,0.0,0.5,-1
1951-07-25,15.5,27.7,0.9,0.0,0.5,-1
1951-07-26,15.5,22.7,0.0,0.0,0.5,-1
1951-07-27,8.8,24.4,0.0,0.0,0.5,-1
1951-07-28,6.6,26.0,0.0,0.0,0.5,-1
1951-07-29,8.3,27.1,0.1,0.0,0.5,-1
1951-07-30,13.3,21.0,1.0,0.0,0.5,-1
1951-07-31,12.7,24.4,0.7,0.0,0.5,-1
1951-08-01,11.0,19.9,0.2,0.0,0.5,-1
1951-08-02,3.3,16.0,2.3,0.0,0.5,-1
1951-08-03,9.4,16.0,0.6,0.0,0.5,-1
1951-08-04,5.5,16.0,0.0,0.0,0.5,-1
1951-08-05,2.2,19.9,0.0,0.0,0.5,-1
1951-08-06,3.3,22.7,0.0,0.0,0.5,-1
1951-08-07,7.2,21.6,0.0,0.0,0.5,-1
1951-08-08,11.0,16.6,0.7,0.0,0.5,-1
1951-08-09,11.0,23.3,0.4,0.0,0.5,-1
1951-08-10,12.2,21.6,0.0,0.0,0.5,-1
1951-08-11,5.5,23.3,0.0,0.0,0.5,-1
1951-08-12,8.8,21.6,0.0,0.0,0.5,-1
1951-08-13,5.5,18.8,0.0,0.0,0.5,-1
1951-08-14,4.9,22.7,0.0,0.0,0.5,-1
1951-08-15,7.2,22.1,0.0,0.0,0.5,-1
1951-08-16,8.3,18.8,0.0,0.0,0.5,-1
1951-08-17,5.5,22.7,0.0,0.0,0.5,-1
1951-08-18,3.8,22.7,0.0,0.0,0.5,-1
1951-08-19,5.5,23.3,0.1,0.0,0.5,-1
1951-08-20,7.7,22.1,0.2,0.0,0.5,-1
1951-08-21,11.6,16.0,4.0,0.0,0.5,-1
1951-08-22,10.5,12.7,0.9,0.0,0.5,-1
1951-08-23,5.5,19.4,0.1,0.0,0.5,-1
1951-08-24,6.1,22.7,0.0,0.0,0.5,-1
1951-08-25,5.5,26.6,0.0,0.0,0.5,-1
1951-08-26,4.9,25.5,0.0,0.0,0.5,-1
1951-08-27,8.3,25.5,0.0,0.0,0.5,-1
1951-08-28,9.4,27.1,0.0,0.0,0.5,-1
1951-08-29,13.3,22.1,0.1,0.0,0.5,-1
1951-08-30,15.5,20.5,0.5,0.0,0.5,-1
1951-08-31,8.3,9.9,1.1,0.0,0.5,-1
1951-09-01,2.2,16.0,0.1,0.0,0.5,-1
1951-09-02,2.2,18.8,0.0,0.0,0.5,-1
1951-09-03,6.1,19.4,0.0,0.0,0.5,-1
1951-09-04,3.3,16.6,0.0,0.0,0.5,-1
1951-09-05,-0.5,18.8,0.0,0.0,0.5,-1
1951-09-06,7.2,14.4,2.2,0.0,0.5,-1
1951-09-07,5.5,12.7,0.0,0.0,0.5,-1
1951-09-08,4.9,21.6,0.0,0.0,0.5,-1
1951-09-09,8.8,21.0,0.0,0.0,0.5,-1
1951-09-10,0.5,22.1,0.5,0.0,0.5,-1
1951-09-11,5.5,22.1,0.2,0.0,0.5,-1
1951-09-12,12.7,27.1,0.0,0.0,0.5,-1
1951-09-13,15.5,27.1,2.7,0.0,0.5,-1
1951-09-14,11.0,18.3,0.1,0.0,0.5,-1
1951-09-15,10.5,17.7,0.7,0.0,0.5,-1
1951-09-16,7.7,15.5,0.3,0.0,0.5,-1
1951-09-17,6.6,16.0,0.9,0.0,0.5,-1
1951-09-18,-0.5,16.0,0.1,0.0,0.5,-1
1951-09-19,2.7,12.7,0.0,0.0,0.5,-1
1951-09-20,-1.6,17.7,0.0,0.0,0.5,-1
1951-09-21,1.6,23.8,1.3,0.0,0.5,-1
1951-09-22,12.2,19.4,1.1,0.0,0.5,-1
1951-09-23,8.3,10.5,0.0,0.0,0.5,-1
1951-09-24,3.3,13.8,0.2,0.0,0.5,-1
1951-09-25,6.1,10.5,0.2,0.0,0.5,-1
1951-09-26,0.5,8.8,2.0,0.0,0.5,-1
1951-09-27,0.5,17.2,0.5,0.0,0.5,-1
1951-09-28,3.8,6.6,0.1,0.0,0.5,-1
1951-09-29,1.1,3.8,0.0,0.0,0.5,-1
1951-09-30,-5.5,7.2,0.1,0.0,0.5,-1
1951-10-01,-4.4,8.3,0.8,0.0,0.5,-1
1951-10-02,4.4,11.0,0.1,0.0,0.5,-1
1951-10-03,8.3,17.7,0.5,0.0,0.5,-1
1951-10-04,11.0,22.7,3.1,0.0,0.5,-1
1951-10-05,8.8,9.4,1.3,0.0,0.5,-1
1951-10-06,3.8,6.1,0.0,0.0,0.5,-1
1951-10-07,0.0,7.2,1.1,0.0,0.5,-1
1951-10-08,1.6,6.6,0.5,0.0,0.5,-1
1951-10-09,0.0,3.3,0.0,0.0,0.5,-1
1951-10-10,-5.5,7.7,0.0,0.0,0.5,-1
1951-10-11,-3.8,12.7,0.0,0.0,0.5,-1
1951-10-12,0.5,6.6,0.0,0.0,0.5,-1
1951-10-13,-7.2,9.9,0.0,0.0,0.5,-1
1951-10-14,-2.2,17.2,0.0,0.0,0.5,-1
1951-10-15,2.7,14.9,0.0,0.0,0.5,-1
1951-10-16,1.1,18.8,0.0,0.0,0.5,-1
1951-10-17,4.9,12.7,0.3,0.0,0.5,-1
1951-10-18,4.9,22.1,0.0,0.0,0.5,-1
1951-10-19,8.3,13.8,0.8,0.0,0.5,-1
1951-10-20,-1.6,3.8,0.0,0.0,0.5,-1
1951-10-21,-2.7,9.9,0.0,0.0,0.5,-1
1951-10-22,1.1,16.0,0.0,0.0,0.5,-1
1951-10-23,6.6,8.3,1.7,0.0,0.5,-1
1951-10-24,1.1,9.4,2.9,0.0,0.5,-1
1951-10-25,2.2,2.7,0.1,0.0,0.5,-1
1951-10-26,-0.5,11.6,0.0,0.0,0.5,-1
1951-10-27,-1.1,2.2,0.0,0.0,0.5,-1
1951-10-28,-3.8,1.6,0.0,0.2,0.5,-1
1951-10-29,-4.4,1.6,0.2,0.1,0.5,-1
1951-10-30,-4.4,7.2,0.7,0.0,0.5,-1
1951-10-31,1.1,7.7,0.0,0.0,0.5,-1
1951-11-01,-8.3,-1.6,0.0,0.0,0.5,-1
1951-11-02,-9.9,-0.5,0.0,1.3,0.5,-1
1951-11-03,-6.6,-2.2,0.0,0.5,0.5,-1
1951-11-04,-8.8,-2.2,0.0,0.5,0.5,-1
1951-11-05,-8.8,-4.4,0.0,0.7,0.5,-1
1951-11-06,-18.3,-2.7,0.0,0.6,0.5,-1
1951-11-07,-15.5,-1.1,0.1,1.6,0.5,-1
1951-11-08,-8.8,-2.7,0.1,0.2,0.5,-1
1951-11-09,-8.3,2.2,0.0,0.0,0.5,-1
1951-11-10,-8.3,2.7,0.1,0.0,0.5,-1
1951-11-11,-3.8,0.0,0.0,0.0,0.5,-1
1951-11-12,-5.5,3.8,0.3,0.0,0.5,-1
1951-11-13,-3.8,9.9,1.6,0.0,0.5,-1
1951-11-14,3.8,11.0,0.8,0.0,0.5,-1
1951-11-15,3.3,3.8,0.0,0.0,0.5,-1
1951-11-16,-3.8,-2.7,0.0,0.0,0.5,-1
1951-11-17,-6.1,-4.9,0.0,0.5,0.5,-1
1951-11-18,-8.3,-6.1,0.0,0.0,0.5,-1
1951-11-19,-9.9,-7.7,0.0,0.5,0.5,-1
1951-11-20,-12.7,-7.2,0.0,0.0,0.5,-1
1951-11-21,-19.9,-1.6,0.0,0.0,0.5,-1
1951-11-22,-16.0,3.3,0.3,0.0,0.5,-1
1951-11-23,-3.8,-3.8,0.1,0.2,0.5,-1
1951-11-24,-9.9,-6.6,0.0,0.0,0.5,-1
1951-11-25,-13.8,-2.2,0.0,0.0,0.5,-1
1951-11-26,-11.6,-3.3,0.0,0.4,0.5,-1
1951-11-27,-14.9,-8.8,0.0,0.2,0.5,-1
1951-11-28,-19.9,-1.6,0.0,0.8,0.5,-1
1951-11-29,-9.9,2.2,0.0,0.0,0.5,-1
1951-11-30,-2.2,5.5,0.0,0.0,0.5,-1
1951-12-01,-2.2,2.7,0.4,0.0,0.5,-1
1951-12-02,-1.1,2.2,0.2,0.0,0.5,-1
1951-12-03,-2.2,4.9,0.0,0.0,0.5,-1
1951-12-04,-0.5,7.7,0.3,0.0,0.5,-1
1951-12-05,2.2,9.4,0.2,0.0,0.5,-1
1951-12-06,0.5,8.8,0.1,0.0,0.5,-1
1951-12-07,4.9,12.7,0.2,0.0,0.5,-1
1951-12-08,2.2,2.7,0.0,0.1,0.5,-1
1951-12-09,-4.4,-4.4,0.0,0.4,0.5,-1
1951-12-10,-12.2,-7.2,0.0,0.4,0.5,-1
1951-12-11,-15.5,-2.2,0.0,0.3,0.5,-1
1951-12-12,-19.4,-17.7,0.0,0.0,0.5,-1
1951-12-13,-27.1,-14.9,0.0,0.0,0.5,-1
1951-12-14,-27.1,-18.3,0.0,0.1,0.5,-1
1951-12-15,-23.3,-18.3,0.0,0.0,0.5,-1
1951-12-16,-29.4,-18.8,0.0,0.0,0.5,-1
1951-12-17,-29.4,-14.4,0.0,0.3,0.5,-1
1951-12-18,-22.1,-15.5,0.0,0.1,0.5,-1
1951-12-19,-28.3,-20.5,0.0,0.0,0.5,-1
1951-12-20,-29.9,-11.0,0.0,1.1,0.5,-1
1951-12-21,-22.1,-7.7,0.0,0.6,0.5,-1
1951-12-22,-12.7,-11.6,0.0,0.5,0.5,-1
1951-12-23,-24.9,-12.7,0.0,0.1,0.5,-1
1951-12-24,-24.4,-10.5,0.0,0.1,0.5,-1
1951-12-25,-24.9,-9.4,0.0,0.0,0.5,-1
1951-12-26,-23.8,-8.3,0.0,0.2,0.5,-1
1951-12-27,-18.3,-16.0,0.0,0.0,0.5,-1
1951-12-28,-36.6,-12.2,0.0,0.2,0.5,-1
1951-12-29,-37.1,1.6,0.0,0.5,0.5,-1
1951-12-30,-12.2,1.1,0.0,0.0,0.5,-1
1951-12-31,-13.3,6.1,0.6,0.0,0.5,-1
1952-01-01,-9.9,3.8,0.4,0.0,0.5,-1
1952-01-02,-19.9,-8.8,0.0,0.1,0.5,-1
1952-01-03,-19.4,-7.7,0.0,0.1,0.5,-1
1952-01-04,-19.4,-7.7,0.0,0.1,0.5,-1
1952-01-05,-18.8,-7.2,0.0,0.1,0.5,-1
1952-01-06,-21.6,-11.0,0.0,0.1,0.5,-1
1952-01-07,-26.6,-8.3,0.0,0.0,0.5,-1
1952-01-08,-27.1,-5.5,0.0,0.0,0.5,-1
1952-01-09,-16.6,-7.2,0.0,0.0,0.5,-1
1952-01-10,-18.3,-11.0,0.0,0.0,0.5,-1
1952-01-11,-21.6,-5.5,0.0,0.0,0.5,-1
1952-01-12,-22.7,-2.2,0.0,0.1,0.5,-1
1952-01-13,-14.9,-11.6,0.0,0.7,0.5,-1
1952-01-14,-15.5,0.5,0.3,0.7,0.5,-1
1952-01-15,-13.8,2.7,0.6,0.1,0.5,-1
1952-01-16,-16.6,-12.7,0.0,0.0,0.5,-1
1952-01-17,-22.1,1.1,0.3,0.2,0.5,-1
1952-01-18,-17.7,-5.5,0.0,0.0,0.5,-1
1952-01-19,-17.2,-5.5,0.0,0.8,0.5,-1
1952-01-20,-15.5,-4.4,0.0,0.6,0.5,-1
1952-01-21,-26.6,-17.7,0.0,0.0,0.5,-1
1952-01-22,-28.8,-11.0,0.0,1.3,0.5,-1
1952-01-23,-22.1,-12.7,0.0,0.1,0.5,-1
1952-01-24,-33.2,-20.5,0.0,0.0,0.5,-1
1952-01-25,-35.5,-7.2,0.0,0.1,0.5,-1
1952-01-26,-27.1,-3.3,0.0,0.4,0.5,-1
1952-01-27,-8.8,-6.1,0.0,0.2,0.5,-1
1952-01-28,-23.3,-21.6,0.0,0.0,0.5,-1
1952-01-29,-36.6,-21.6,0.0,0.0,0.5,-1
1952-01-30,-38.2,-8.8,0.0,0.1,0.5,-1
1952-01-31,-37.7,1.1,0.0,0.0,0.5,-1
1952-02-01,-9.4,2.7,0.1,0.0,0.5,-1
1952-02-02,-9.9,-8.8,0.1,0.0,0.5,-1
1952-02-03,-19.9,-2.2,0.0,0.2,0.5,-1
1952-02-04,-12.7,0.5,0.5,0.7,0.5,-1
1952-02-05,-2.7,-1.6,0.0,0.3,0.5,-1
1952-02-06,-16.6,-7.2,0.1,0.0,0.5,-1
1952-02-07,-24.9,-7.2,0.0,0.0,0.5,-1
1952-02-08,-26.0,-2.7,0.0,0.2,0.5,-1
1952-02-09,-20.5,-5.5,0.0,0.4,0.5,-1
1952-02-10,-19.4,-6.6,0.0,0.8,0.5,-1
1952-02-11,-17.7,-4.9,0.0,0.1,0.5,-1
1952-02-12,-26.0,-17.7,0.0,0.0,0.5,-1
1952-02-13,-27.7,-14.9,0.0,0.0,0.5,-1
1952-02-14,-26.6,-11.0,0.0,0.0,0.5,-1
1952-02-15,-25.5,-8.3,0.0,0.0,0.5,-1
1952-02-16,-25.5,-4.9,0.0,0.0,0.5,-1
1952-02-17,-22.1,-1.1,0.0,0.1,0.5,-1
1952-02-18,-6.6,-5.5,0.0,0.2,0.5,-1
1952-02-19,-11.0,-4.9,0.0,0.5,0.5,-1
1952-02-20,-17.2,-2.2,0.0,0.5,0.5,-1
1952-02-21,-16.0,-1.6,0.0,0.1,0.5,-1
1952-02-22,-12.7,-3.3,0.0,0.2,0.5,-1
1952-02-23,-12.2,-1.6,0.0,0.3,0.5,-1
1952-02-24,-10.5,-2.2,0.0,0.4,0.5,-1
1952-02-25,-8.8,-3.8,0.0,0.1,0.5,-1
1952-02-26,-17.7,-1.1,0.0,0.1,0.5,-1
1952-02-27,-16.0,-1.1,0.0,0.2,0.5,-1
1952-02-28,-17.7,-2.7,0.0,0.0,0.5,-1
1952-02-29,-20.5,-6.6,0.0,0.0,0.5,-1
1952-03-01,-26.6,-8.8,0.0,0.0,0.5,-1
1952-03-02,-23.8,-2.2,0.0,0.0,0.5,-1
1952-03-03,-21.6,-0.5,0.0,0.0,0.5,-1
1952-03-04,-17.2,1.1,0.0,1.3,0.5,-1
1952-03-05,-7.7,-2.7,0.0,0.5,0.5,-1
1952-03-06,-13.8,-7.7,0.0,0.2,0.5,-1
1952-03-07,-13.3,-7.2,0.0,0.4,0.5,-1
1952-03-08,-13.3,-2.2,0.0,0.0,0.5,-1
1952-03-09,-11.6,0.0,0.0,0.0,0.5,-1
1952-03-10,-7.7,0.0,0.1,0.5,0.5,-1
1952-03-11,-7.2,1.1,0.6,0.5,0.5,-1
1952-03-12,-9.9,-2.2,0.0,0.0,0.5,-1
1952-03-13,-17.7,-4.4,0.0,0.0,0.5,-1
1952-03-14,-17.7,-7.7,0.0,0.0,0.5,-1
1952-03-15,-18.8,-7.2,0.0,0.4,0.5,-1
1952-03-16,-17.7,-1.1,0.1,0.0,0.5,-1
1952-03-17,-7.7,-3.3,0.0,0.0,0.5,-1
1952-03-18,-11.0,3.8,0.0,0.0,0.5,-1
1952-03-19,-9.4,1.1,0.0,0.7,0.5,-1
1952-03-20,-1.6,2.2,0.1,0.1,0.5,-1
1952-03-21,-1.1,3.3,0.1,0.0,0.5,-1
1952-03-22,-13.3,-4.4,0.0,0.0,0.5,-1
1952-03-23,-12.7,-2.2,0.0,0.6,0.5,-1
1952-03-24,-8.3,-0.5,0.0,0.0,0.5,-1
1952-03-25,-6.6,-0.5,0.0,0.0,0.5,-1
1952-03-26,-9.4,2.2,0.0,0.1,0.5,-1
1952-03-27,-8.3,3.3,0.0,0.0,0.5,-1
1952-03-28,-12.2,2.2,0.0,0.0,0.5,-1
1952-03-29,-13.8,3.8,0.0,0.0,0.5,-1
1952-03-30,-12.2,7.2,0.0,0.1,0.5,-1
1952-03-31,-3.8,1.6,1.1,0.1,0.5,-1
1952-04-01,-0.5,2.2,1.4,0.1,0.5,-1
1952-04-02,0.5,7.7,0.4,0.1,0.5,-1
1952-04-03,0.0,4.9,0.0,0.0,0.5,-1
1952-04-04,-1.6,3.3,0.0,0.0,0.5,-1
1952-04-05,-6.6,3.8,1.4,0.8,0.5,-1
1952-04-06,-1.1,2.7,0.1,0.0,0.5,-1
1952-04-07,0.0,5.5,0.0,0.0,0.5,-1
1952-04-08,-1.6,7.7,0.0,0.0,0.5,-1
1952-04-09,-4.9,9.9,0.0,0.0,0.5,-1
1952-04-10,1.6,12.2,0.4,0.2,0.5,-1
1952-04-11,-12.7,-2.2,0.0,0.0,0.5,-1
1952-04-12,-13.8,6.6,0.0,0.0,0.5,-1
1952-04-13,-7.7,6.1,0.1,1.1,0.5,-1
1952-04-14,-7.7,2.2,0.0,0.0,0.5,-1
1952-04-15,-2.7,9.4,0.1,0.0,0.5,-1
1952-04-16,-3.3,11.0,0.0,0.0,0.5,-1
1952-04-17,-2.2,11.6,0.0,0.0,0.5,-1
1952-04-18,-1.1,15.5,0.0,0.0,0.5,-1
1952-04-19,-1.6,16.6,0.2,0.0,0.5,-1
1952-04-20,0.0,8.3,0.0,0.0,0.5,-1
1952-04-21,-4.4,13.8,0.2,0.0,0.5,-1
1952-04-22,-1.6,17.2,0.3,0.0,0.5,-1
1952-04-23,-1.1,5.5,0.0,0.0,0.5,-1
1952-04-24,-4.4,13.3,0.0,0.0,0.5,-1
1952-04-25,-4.4,16.0,0.0,0.0,0.5,-1
1952-04-26,-6.1,16.0,0.0,0.0,0.5,-1
1952-04-27,0.0,14.4,0.1,0.0,0.5,-1
1952-04-28,3.3,17.7,0.0,0.0,0.5,-1
1952-04-29,0.0,18.8,0.0,0.0,0.5,-1
1952-04-30,-1.1,11.0,0.0,0.0,0.5,-1
1952-05-01,-2.2,11.0,0.0,0.0,0.5,-1
1952-05-02,-1.6,4.9,0.0,0.0,0.5,-1
1952-05-03,-1.1,5.5,0.1,0.1,0.5,-1
1952-05-04,-0.5,7.2,0.0,0.0,0.5,-1
1952-05-05,-6.1,12.2,0.0,0.0,0.5,-1
1952-05-06,0.0,15.5,0.1,0.0,0.5,-1
1952-05-07,-1.1,5.5,0.1,0.0,0.5,-1
1952-05-08,0.0,13.8,0.0,0.0,0.5,-1
1952-05-09,-1.6,18.8,0.0,0.0,0.5,-1
1952-05-10,0.0,22.1,0.0,0.0,0.5,-1
1952-05-11,6.6,12.2,1.6,0.0,0.5,-1
1952-05-12,7.2,8.3,2.1,0.0,0.5,-1
1952-05-13,6.6,7.7,0.4,0.0,0.5,-1
1952-05-14,1.1,12.7,0.2,0.0,0.5,-1
1952-05-15,1.6,7.7,2.4,0.0,0.5,-1
1952-05-16,2.2,9.4,0.2,0.0,0.5,-1
1952-05-17,-0.5,12.7,0.2,0.0,0.5,-1
1952-05-18,3.3,16.0,0.0,0.0,0.5,-1
1952-05-19,1.1,18.8,0.0,0.0,0.5,-1
1952-05-20,3.3,19.9,1.1,0.0,0.5,-1
1952-05-21,7.7,11.0,0.5,0.0,0.5,-1
1952-05-22,5.5,17.7,0.0,0.0,0.5,-1
1952-05-23,1.6,24.9,0.0,0.0,0.5,-1
1952-05-24,4.4,23.8,0.4,0.0,0.5,-1
1952-05-25,9.9,13.8,1.3,0.0,0.5,-1
1952-05-26,11.6,15.5,0.0,0.0,0.5,-1
1952-05-27,4.4,14.4,0.0,0.0,0.5,-1
1952-05-28,2.7,18.8,0.1,0.0,0.5,-1
1952-05-29,3.8,13.3,0.0,0.0,0.5,-1
1952-05-30,4.4,17.2,0.0,0.0,0.5,-1
1952-05-31,6.6,22.7,0.1,0.0,0.5,-1
1952-06-01,12.2,17.7,0.3,0.0,0.5,-1
1952-06-02,3.8,18.8,0.1,0.0,0.5,-1
1952-06-03,8.8,17.2,1.0,0.0,0.5,-1
1952-06-04,8.8,20.5,0.0,0.0,0.5,-1
1952-06-05,3.3,23.3,0.2,0.0,0.5,-1
1952-06-06,11.0,21.0,0.4,0.0,0.5,-1
1952-06-07,7.7,18.8,0.0,0.0,0.5,-1
1952-06-08,1.1,22.1,1.3,0.0,0.5,-1
1952-06-09,11.0,19.4,0.0,0.0,0.5,-1
1952-06-10,11.0,17.7,1.3,0.0,0.5,-1
1952-06-11,7.2,17.2,0.0,0.0,0.5,-1
1952-06-12,3.8,19.9,0.0,0.0,0.5,-1
1952-06-13,2.7,23.8,0.0,0.0,0.5,-1
1952-06-14,6.1,27.7,0.0,0.0,0.5,-1
1952-06-15,16.6,19.9,0.0,0.0,0.5,-1
1952-06-16,1.6,22.1,0.6,0.0,0.5,-1
1952-06-17,8.8,24.9,0.1,0.0,0.5,-1
1952-06-18,9.9,18.3,0.1,0.0,0.5,-1
1952-06-19,8.8,15.5,0.2,0.0,0.5,-1
1952-06-20,3.8,17.7,0.0,0.0,0.5,-1
1952-06-21,2.7,22.1,0.0,0.0,0.5,-1
1952-06-22,3.8,26.0,0.0,0.0,0.5,-1
1952-06-23,6.6,27.1,0.0,0.0,0.5,-1
1952-06-24,16.0,23.8,0.2,0.0,0.5,-1
1952-06-25,10.5,18.3,0.3,0.0,0.5,-1
1952-06-26,13.8,22.1,0.0,0.0,0.5,-1
1952-06-27,9.4,20.5,0.0,0.0,0.5,-1
1952-06-28,3.8,23.8,0.0,0.0,0.5,-1
1952-06-29,12.2,21.6,0.0,0.0,0.5,-1
1952-06-30,11.0,24.9,0.0,0.0,0.5,-1
1952-07-01,4.4,27.1,0.0,0.0,0.5,-1
1952-07-02,11.6,28.8,0.0,0.0,0.5,-1
1952-07-03,14.9,29.9,0.2,0.0,0.5,-1
1952-07-04,15.5,27.7,0.0,0.0,0.5,-1
1952-07-05,14.4,27.7,0.0,0.0,0.5,-1
1952-07-06,9.4,32.1,0.0,0.0,0.5,-1
1952-07-07,12.2,31.0,0.0,0.0,0.5,-1
1952-07-08,19.4,31.0,0.6,0.0,0.5,-1
1952-07-09,18.3,21.6,3.1,0.0,0.5,-1
1952-07-10,11.6,16.0,0.2,0.0,0.5,-1
1952-07-11,11.0,26.0,0.7,0.0,0.5,-1
1952-07-12,14.4,23.8,0.0,0.0,0.5,-1
1952-07-13,8.3,30.5,0.1,0.0,0.5,-1
1952-07-14,18.3,28.3,2.3,0.0,0.5,-1
1952-07-15,18.3,21.0,0.8,0.0,0.5,-1
1952-07-16,12.7,24.9,0.1,0.0,0.5,-1
1952-07-17,9.4,27.1,0.0,0.0,0.5,-1
1952-07-18,19.4,27.1,0.0,0.0,0.5,-1
1952-07-19,19.4,27.1,0.0,0.0,0.5,-1
1952-07-20,14.4,26.0,0.0,0.0,0.5,-1
1952-07-21,9.9,22.7,0.1,0.0,0.5,-1
1952-07-22,17.2,28.3,0.1,0.0,0.5,-1
1952-07-23,18.8,22.7,0.5,0.0,0.5,-1
1952-07-24,12.2,21.0,0.0,0.0,0.5,-1
1952-07-25,8.3,24.9,0.8,0.0,0.5,-1
1952-07-26,16.0,26.6,0.0,0.0,0.5,-1
1952-07-27,16.0,27.1,0.2,0.0,0.5,-1
1952-07-28,14.9,26.0,0.5,0.0,0.5,-1
1952-07-29,7.2,18.3,0.0,0.0,0.5,-1
1952-07-30,7.7,21.6,0.1,0.0,0.5,-1
1952-07-31,8.3,18.8,0.1,0.0,0.5,-1
1952-08-01,7.2,23.8,0.1,0.0,0.5,-1
1952-08-02,14.9,19.9,0.5,0.0,0.5,-1
1952-08-03,3.3,21.0,0.1,0.0,0.5,-1
1952-08-04,8.3,17.7,2.1,0.0,0.5,-1
1952-08-05,12.2,18.3,0.9,0.0,0.5,-1
1952-08-06,9.4,22.7,0.6,0.0,0.5,-1
1952-08-07,12.7,22.7,0.3,0.0,0.5,-1
1952-08-08,7.7,26.0,0.1,0.0,0.5,-1
1952-08-09,13.3,24.4,0.0,0.0,0.5,-1
1952-08-10,17.2,17.7,1.3,0.0,0.5,-1
1952-08-11,15.5,23.3,1.4,0.0,0.5,-1
1952-08-12,12.2,21.0,0.2,0.0,0.5,-1
1952-08-13,8.8,22.1,0.0,0.0,0.5,-1
1952-08-14,11.0,24.4,0.0,0.0,0.5,-1
1952-08-15,13.8,27.7,1.0,0.0,0.5,-1
1952-08-16,18.3,20.5,1.1,0.0,0.5,-1
1952-08-17,10.5,17.2,1.0,0.0,0.5,-1
1952-08-18,3.3,21.0,0.0,0.0,0.5,-1
1952-08-19,5.5,22.7,0.0,0.0,0.5,-1
1952-08-20,8.8,24.4,0.4,0.0,0.5,-1
1952-08-21,13.8,22.7,0.0,0.0,0.5,-1
1952-08-22,7.7,11.6,0.0,0.0,0.5,-1
1952-08-23,4.9,17.7,0.0,0.0,0.5,-1
1952-08-24,7.7,22.1,0.0,0.0,0.5,-1
1952-08-25,4.9,27.1,0.0,0.0,0.5,-1
1952-08-26,15.5,29.4,0.0,0.0,0.5,-1
1952-08-27,9.9,27.7,0.0,0.0,0.5,-1
1952-08-28,9.9,30.5,0.3,0.0,0.5,-1
1952-08-29,14.9,19.4,0.0,0.0,0.5,-1
1952-08-30,5.5,21.0,0.0,0.0,0.5,-1
1952-08-31,8.8,21.0,3.7,0.0,0.5,-1
1952-09-01,13.3,26.6,0.2,0.0,0.5,-1
1952-09-02,19.9,20.5,0.9,0.0,0.5,-1
1952-09-03,12.2,17.2,0.4,0.0,0.5,-1
1952-09-04,11.0,19.9,0.0,0.0,0.5,-1
1952-09-05,8.3,23.3,1.0,0.0,0.5,-1
1952-09-06,6.6,11.6,0.0,0.0,0.5,-1
1952-09-07,0.0,12.7,0.0,0.0,0.5,-1
1952-09-08,0.0,17.2,0.0,0.0,0.5,-1
1952-09-09,2.7,22.7,0.2,0.0,0.5,-1
1952-09-10,13.8,23.3,0.0,0.0,0.5,-1
1952-09-11,13.3,27.7,0.0,0.0,0.5,-1
1952-09-12,14.4,26.6,0.1,0.0,0.5,-1
1952-09-13,16.0,23.3,0.0,0.0,0.5,-1
1952-09-14,12.7,15.5,1.0,0.0,0.5,-1
1952-09-15,10.5,16.6,1.1,0.0,0.5,-1
1952-09-16,7.2,15.5,0.3,0.0,0.5,-1
1952-09-17,8.3,13.8,0.0,0.0,0.5,-1
1952-09-18,7.7,17.2,2.0,0.0,0.5,-1
1952-09-19,10.5,17.2,0.1,0.0,0.5,-1
1952-09-20,2.7,14.9,0.3,0.0,0.5,-1
1952-09-21,3.3,13.3,0.0,0.0,0.5,-1
1952-09-22,3.3,11.6,0.0,0.0,0.5,-1
1952-09-23,-0.5,13.3,0.0,0.0,0.5,-1
1952-09-24,-1.1,14.9,0.2,0.0,0.5,-1
1952-09-25,4.9,14.9,1.0,0.0,0.5,-1
1952-09-26,2.7,7.2,0.0,0.0,0.5,-1
1952-09-27,-2.7,17.2,0.0,0.0,0.5,-1
1952-09-28,4.4,23.3,0.0,0.0,0.5,-1
1952-09-29,10.5,16.0,0.0,0.0,0.5,-1
1952-09-30,-2.2,16.0,0.2,0.0,0.5,-1
1952-10-01,2.7,16.6,0.5,0.0,0.5,-1
1952-10-02,8.8,12.7,0.2,0.0,0.5,-1
1952-10-03,1.1,6.1,0.0,0.0,0.5,-1
1952-10-04,-2.2,12.2,0.0,0.0,0.5,-1
1952-10-05,1.6,7.2,0.1,0.0,0.5,-1
1952-10-06,1.1,7.2,0.4,0.0,0.5,-1
1952-10-07,1.1,7.2,0.1,0.0,0.5,-1
1952-10-08,1.6,7.7,0.0,0.0,0.5,-1
1952-10-09,1.6,7.7,0.0,0.0,0.5,-1
1952-10-10,-2.2,3.8,0.0,0.0,0.5,-1
1952-10-11,-4.4,9.4,0.0,0.0,0.5,-1
1952-10-12,0.5,13.3,0.0,0.0,0.5,-1
1952-10-13,3.3,12.7,0.6,0.0,0.5,-1
1952-10-14,4.4,7.7,0.2,0.0,0.5,-1
1952-10-15,-1.1,3.8,0.5,0.0,0.5,-1
1952-10-16,-0.5,5.5,0.2,0.0,0.5,-1
1952-10-17,0.0,2.2,0.0,0.0,0.5,-1
1952-10-18,-4.4,1.6,0.0,0.2,0.5,-1
1952-10-19,-2.7,0.0,0.0,0.2,0.5,-1
1952-10-20,-5.5,0.0,0.0,0.1,0.5,-1
1952-10-21,-6.1,3.8,0.0,0.0,0.5,-1
1952-10-22,-1.1,12.2,0.1,0.0,0.5,-1
1952-10-23,3.8,4.9,0.5,0.0,0.5,-1
1952-10-24,0.5,5.5,0.0,0.0,0.5,-1
1952-10-25,-1.1,2.2,0.0,0.1,0.5,-1
1952-10-26,-6.6,6.6,0.1,0.0,0.5,-1
1952-10-27,-1.1,12.2,0.1,0.0,0.5,-1
1952-10-28,-1.6,2.2,0.0,0.0,0.5,-1
1952-10-29,-2.7,2.2,0.0,0.2,0.5,-1
1952-10-30,-2.7,9.4,0.0,0.0,0.5,-1
1952-10-31,0.5,12.2,0.1,0.0,0.5,-1
1952-11-01,-0.5,11.6,0.0,0.0,0.5,-1
1952-11-02,-1.6,9.9,1.7,0.0,0.5,-1
1952-11-03,2.2,4.9,0.0,0.0,0.5,-1
1952-11-04,-6.1,2.7,0.0,0.0,0.5,-1
1952-11-05,-4.4,4.4,0.1,0.1,0.5,-1
1952-11-06,-2.2,1.6,0.1,0.5,0.5,-1
1952-11-07,-1.6,-0.5,0.0,0.3,0.5,-1
1952-11-08,-6.6,-2.2,0.0,0.2,0.5,-1
1952-11-09,-6.1,-2.7,0.0,0.6,0.5,-1
1952-11-10,-6.1,-3.3,0.0,0.0,0.5,-1
1952-11-11,-6.6,1.1,0.0,0.5,0.5,-1
1952-11-12,-4.9,-3.8,0.0,0.1,0.5,-1
1952-11-13,-13.8,1.6,0.0,0.0,0.5,-1
1952-11-14,-11.6,7.2,0.0,0.0,0.5,-1
1952-11-15,-9.4,6.6,1.7,0.0,0.5,-1
1952-11-16,-0.5,2.7,0.2,0.0,0.5,-1
1952-11-17,-0.5,2.2,0.0,0.0,0.5,-1
1952-11-18,-1.6,6.1,0.0,0.0,0.5,-1
1952-11-19,0.0,6.1,0.3,0.0,0.5,-1
1952-11-20,2.7,5.5,1.5,0.0,0.5,-1
1952-11-21,2.7,7.7,0.4,0.0,0.5,-1
1952-11-22,3.8,9.9,0.6,0.0,0.5,-1
1952-11-23,6.1,6.6,0.2,0.0,0.5,-1
1952-11-24,2.7,2.7,0.0,0.0,0.5,-1
1952-11-25,-3.8,2.2,0.0,0.1,0.5,-1
1952-11-26,-2.7,7.7,0.6,0.0,0.5,-1
1952-11-27,1.1,1.1,0.0,0.1,0.5,-1
1952-11-28,-3.3,-3.3,0.0,0.5,0.5,-1
1952-11-29,-14.9,-3.3,0.0,0.1,0.5,-1
1952-11-30,-12.7,-10.5,0.0,0.1,0.5,-1
1952-12-01,-14.4,-4.4,0.0,0.0,0.5,-1
1952-12-02,-16.0,-3.3,0.0,0.0,0.5,-1
1952-12-03,-17.2,1.6,0.0,0.0,0.5,-1
1952-12-04,-16.0,-0.5,0.0,0.0,0.5,-1
1952-12-05,-11.6,0.5,0.0,0.3,0.5,-1
1952-12-06,-2.2,1.6,0.0,0.9,0.5,-1
1952-12-07,-3.3,0.0,0.0,0.0,0.5,-1
1952-12-08,-2.7,0.0,0.0,0.0,0.5,-1
1952-12-09,-2.2,2.2,0.7,0.0,0.5,-1
1952-12-10,-0.5,6.6,2.6,0.0,0.5,-1
1952-12-11,2.2,2.7,0.1,0.2,0.5,-1
1952-12-12,-6.1,-2.2,0.0,0.3,0.5,-1
1952-12-13,-7.2,-4.4,0.0,1.2,0.5,-1
1952-12-14,-7.7,-2.7,0.0,1.1,0.5,-1
1952-12-15,-6.1,-1.6,0.0,0.6,0.5,-1
1952-12-16,-7.7,-1.6,0.0,0.2,0.5,-1
1952-12-17,-5.5,-3.3,0.0,0.2,0.5,-1
1952-12-18,-13.8,-10.5,0.0,0.0,0.5,-1
1952-12-19,-16.6,-8.8,0.0,0.0,0.5,-1
1952-12-20,-22.7,-6.1,0.0,0.0,0.5,-1
1952-12-21,-22.7,-8.3,0.0,0.0,0.5,-1
1952-12-22,-20.5,-3.8,0.0,0.0,0.5,-1
1952-12-23,-11.0,-0.5,0.0,1.4,0.5,-1
1952-12-24,-4.4,0.0,0.1,0.6,0.5,-1
1952-12-25,-5.5,-4.9,0.0,0.1,0.5,-1
1952-12-26,-9.4,-2.2,0.0,0.3,0.5,-1
1952-12-27,-19.4,-18.8,0.0,0.0,0.5,-1
1952-12-28,-27.7,-10.5,0.0,0.6,0.5,-1
1952-12-29,-26.6,-9.4,0.0,0.0,0.5,-1
1952-12-30,-29.4,-18.3,0.0,0.0,0.5,-1
1952-12-31,-31.6,-12.2,0.0,0.0,0.5,-1
1953-01-01,-31.6,-1.6,0.0,0.0,0.5,-1
1953-01-02,-14.9,-0.5,0.0,0.3,0.5,-1
1953-01-03,-6.1,-5.5,0.0,0.2,0.5,-1
1953-01-04,-17.7,-16.0,0.0,0.0,0.5,-1
1953-01-05,-31.6,-14.4,0.0,0.2,0.5,-1
1953-01-06,-31.0,-11.0,0.0,0.2,0.5,-1
1953-01-07,-27.1,-17.7,0.0,0.0,0.5,-1
1953-01-08,-28.8,-16.0,0.0,0.0,0.5,-1
1953-01-09,-27.7,-6.6,0.0,0.0,0.5,-1
1953-01-10,-16.6,-3.3,0.0,1.1,0.5,-1
1953-01-11,-7.2,-2.2,0.0,0.5,0.5,-1
1953-01-12,-24.4,-4.4,0.0,0.3,0.5,-1
1953-01-13,-24.9,-3.3,0.0,0.0,0.5,-1
1953-01-14,-17.7,-6.1,0.0,1.0,0.5,-1
1953-01-15,-15.5,7.2,1.0,0.0,0.5,-1
1953-01-16,-13.8,-12.7,0.0,0.0,0.5,-1
1953-01-17,-26.6,-5.5,0.0,1.0,0.5,-1
1953-01-18,-22.1,-3.3,0.0,0.6,0.5,-1
1953-01-19,-6.6,-3.8,0.0,0.2,0.5,-1
1953-01-20,-11.6,-9.9,0.0,0.0,0.5,-1
1953-01-21,-26.0,-8.3,0.0,0.0,0.5,-1
1953-01-22,-26.6,-2.7,0.0,0.5,0.5,-1
1953-01-23,-13.3,-0.5,0.1,0.9,0.5,-1
1953-01-24,-3.3,1.1,0.6,0.5,0.5,-1
1953-01-25,-9.9,-9.9,0.0,0.5,0.5,-1
1953-01-26,-24.9,-13.8,0.0,0.0,0.5,-1
1953-01-27,-27.1,-7.2,0.0,0.2,0.5,-1
1953-01-28,-18.3,-4.4,0.0,0.5,0.5,-1
1953-01-29,-23.3,-16.0,0.0,0.0,0.5,-1
1953-01-30,-28.8,-9.4,0.0,0.0,0.5,-1
1953-01-31,-27.7,1.1,0.1,0.2,0.5,-1
1953-02-01,-27.1,-23.8,0.0,0.0,0.5,-1
1953-02-02,-32.1,-19.4,0.0,0.1,0.5,-1
1953-02-03,-31.6,-11.0,0.0,0.0,0.5,-1
1953-02-04,-27.1,-7.7,0.0,0.4,0.5,-1
1953-02-05,-26.0,-2.2,0.0,0.1,0.5,-1
1953-02-06,-8.3,2.2,0.0,0.1,0.5,-1
1953-02-07,-3.8,2.2,0.0,0.0,0.5,-1
1953-02-08,-2.7,-1.1,0.0,0.3,0.5,-1
1953-02-09,-11.6,-9.9,0.0,0.0,0.5,-1
1953-02-10,-15.5,-7.7,0.0,0.0,0.5,-1
1953-02-11,-22.7,-2.7,0.0,0.2,0.5,-1
1953-02-12,-21.6,-7.2,0.0,0.7,0.5,-1
1953-02-13,-11.0,-3.8,0.0,0.0,0.5,-1
1953-02-14,-14.9,-1.1,0.0,0.3,0.5,-1
1953-02-15,-12.7,0.0,0.1,0.5,0.5,-1
1953-02-16,-16.0,-11.0,0.0,0.7,0.5,-1
1953-02-17,-16.6,-11.6,0.0,0.0,0.5,-1
1953-02-18,-22.7,-7.7,0.0,0.0,0.5,-1
1953-02-19,-21.0,-4.4,0.0,0.1,0.5,-1
1953-02-20,-14.9,7.7,0.6,0.0,0.5,-1
1953-02-21,-4.9,8.8,1.6,0.0,0.5,-1
1953-02-22,-17.7,-12.2,0.0,0.0,0.5,-1
1953-02-23,-21.0,-1.1,0.0,0.1,0.5,-1
1953-02-24,-18.8,-2.2,0.0,0.1,0.5,-1
1953-02-25,-13.8,0.5,0.0,0.1,0.5,-1
1953-02-26,-12.2,1.1,0.0,0.4,0.5,-1
1953-02-27,-4.9,-0.5,0.0,0.0,0.5,-1
1953-02-28,-21.6,-8.8,0.0,0.0,0.5,-1
1953-03-01,-24.4,-14.9,0.0,0.0,0.5,-1
1953-03-02,-26.6,-9.9,0.0,0.0,0.5,-1
1953-03-03,-23.8,-0.5,0.0,0.3,0.5,-1
1953-03-04,-13.8,0.0,0.0,0.5,0.5,-1
1953-03-05,-9.9,-6.1,0.0,0.1,0.5,-1
1953-03-06,-12.7,-7.2,0.0,0.0,0.5,-1
1953-03-07,-22.7,-12.7,0.0,0.0,0.5,-1
1953-03-08,-31.0,-9.4,0.0,0.0,0.5,-1
1953-03-09,-25.5,-7.7,0.0,0.0,0.5,-1
1953-03-10,-26.0,-12.2,0.0,0.0,0.5,-1
1953-03-11,-23.8,-1.1,0.0,0.1,0.5,-1
1953-03-12,-13.3,3.3,0.5,0.4,0.5,-1
1953-03-13,-2.7,1.6,1.1,0.0,0.5,-1
1953-03-14,-5.5,-3.8,0.0,0.0,0.5,-1
1953-03-15,-6.1,1.6,0.4,0.2,0.5,-1
1953-03-16,-3.8,2.7,0.2,0.3,0.5,-1
1953-03-17,-2.7,2.2,0.0,0.2,0.5,-1
1953-03-18,-14.4,7.7,0.0,0.0,0.5,-1
1953-03-19,-4.4,1.6,0.0,0.1,0.5,-1
1953-03-20,-2.7,7.7,0.0,0.3,0.5,-1
1953-03-21,-3.8,9.4,0.0,0.0,0.5,-1
1953-03-22,-1.6,12.2,0.0,0.0,0.5,-1
1953-03-23,2.2,9.4,0.7,0.0,0.5,-1
1953-03-24,2.2,6.1,1.6,0.0,0.5,-1
1953-03-25,-0.5,10.5,0.0,0.0,0.5,-1
1953-03-26,1.1,6.1,0.4,0.0,0.5,-1
1953-03-27,3.3,7.2,0.9,0.0,0.5,-1
1953-03-28,2.2,2.7,0.1,0.0,0.5,-1
1953-03-29,1.1,3.8,0.1,0.0,0.5,-1
1953-03-30,0.5,7.2,0.0,0.0,0.5,-1
1953-03-31,0.5,8.3,0.0,0.0,0.5,-1
1953-04-01,-1.1,8.3,0.0,0.0,0.5,-1
1953-04-02,-2.2,6.6,0.0,0.0,0.5,-1
1953-04-03,-7.2,8.8,0.0,0.0,0.5,-1
1953-04-04,-3.3,6.6,0.3,0.0,0.5,-1
1953-04-05,0.5,7.2,0.1,0.0,0.5,-1
1953-04-06,-1.1,3.8,0.0,0.1,0.5,-1
1953-04-07,-1.1,7.7,0.0,0.0,0.5,-1
1953-04-08,-1.1,10.5,0.0,0.0,0.5,-1
1953-04-09,-2.2,12.2,0.0,0.0,0.5,-1
1953-04-10,1.6,11.0,0.6,0.0,0.5,-1
1953-04-11,1.6,2.7,1.5,0.0,0.5,-1
1953-04-12,-1.1,2.7,0.0,0.1,0.5,-1
1953-04-13,-0.5,0.5,0.0,0.0,0.5,-1
1953-04-14,-4.9,6.1,0.0,0.0,0.5,-1
1953-04-15,-5.5,9.4,0.0,0.0,0.5,-1
1953-04-16,-3.8,8.3,0.5,0.1,0.5,-1
1953-04-17,-1.1,2.7,0.0,0.2,0.5,-1
1953-04-18,-6.1,2.2,0.0,0.0,0.5,-1
1953-04-19,-9.4,7.2,0.0,0.0,0.5,-1
1953-04-20,-1.1,2.2,0.0,0.2,0.5,-1
1953-04-21,-2.7,7.2,0.0,0.2,0.5,-1
1953-04-22,-4.4,14.4,0.4,0.0,0.5,-1
1953-04-23,2.7,8.3,0.8,0.0,0.5,-1
1953-04-24,-2.2,12.7,0.0,0.0,0.5,-1
1953-04-25,-0.5,7.7,0.0,0.0,0.5,-1
1953-04-26,1.6,6.6,0.1,0.0,0.5,-1
1953-04-27,0.5,6.1,0.1,0.2,0.5,-1
1953-04-28,-1.1,2.2,0.1,0.3,0.5,-1
1953-04-29,-1.1,3.8,0.1,0.0,0.5,-1
1953-04-30,-0.5,9.9,0.0,0.0,0.5,-1
1953-05-01,1.1,9.9,0.0,0.0,0.5,-1
1953-05-02,-3.8,15.5,0.0,0.0,0.5,-1
1953-05-03,-3.3,17.7,0.0,0.0,0.5,-1
1953-05-04,-2.2,19.9,0.0,0.0,0.5,-1
1953-05-05,1.6,17.7,0.0,0.0,0.5,-1
1953-05-06,-1.1,17.7,0.0,0.0,0.5,-1
1953-05-07,-0.5,22.7,0.0,0.0,0.5,-1
1953-05-08,5.5,23.8,0.0,0.0,0.5,-1
1953-05-09,7.7,25.5,0.0,0.0,0.5,-1
1953-05-10,6.1,27.1,0.0,0.0,0.5,-1
1953-05-11,-1.6,16.6,0.0,0.0,0.5,-1
1953-05-12,0.0,21.6,0.1,0.0,0.5,-1
1953-05-13,9.4,12.7,0.3,0.0,0.5,-1
1953-05-14,-2.2,12.2,0.0,0.0,0.5,-1
1953-05-15,2.7,18.8,0.0,0.0,0.5,-1
1953-05-16,2.2,22.7,0.0,0.0,0.5,-1
1953-05-17,3.3,22.7,0.0,0.0,0.5,-1
1953-05-18,10.5,18.8,0.2,0.0,0.5,-1
1953-05-19,7.7,17.7,0.0,0.0,0.5,-1
1953-05-20,0.5,22.1,0.0,0.0,0.5,-1
1953-05-21,10.5,26.0,0.6,0.0,0.5,-1
1953-05-22,8.3,9.4,1.2,0.0,0.5,-1
1953-05-23,3.3,16.0,0.0,0.0,0.5,-1
1953-05-24,2.7,17.7,0.0,0.0,0.5,-1
1953-05-25,2.2,17.7,0.0,0.0,0.5,-1
1953-05-26,2.2,17.7,0.0,0.0,0.5,-1
1953-05-27,6.1,11.0,0.1,0.0,0.5,-1
1953-05-28,1.1,11.0,0.0,0.0,0.5,-1
1953-05-29,-2.7,13.3,0.0,0.0,0.5,-1
1953-05-30,-0.5,19.9,0.0,0.0,0.5,-1
1953-05-31,4.4,20.5,0.0,0.0,0.5,-1
1953-06-01,0.0,21.0,0.0,0.0,0.5,-1
1953-06-02,2.7,12.2,0.0,0.0,0.5,-1
1953-06-03,1.1,17.2,0.0,0.0,0.5,-1
1953-06-04,4.9,12.7,0.1,0.0,0.5,-1
1953-06-05,9.4,16.6,0.6,0.0,0.5,-1
1953-06-06,9.9,12.7,1.1,0.0,0.5,-1
1953-06-07,9.9,15.5,0.4,0.0,0.5,-1
1953-06-08,0.5,21.0,1.2,0.0,0.5,-1
1953-06-09,11.0,16.6,0.0,0.0,0.5,-1
1953-06-10,3.8,16.0,0.0,0.0,0.5,-1
1953-06-11,4.4,19.9,0.0,0.0,0.5,-1
1953-06-12,0.0,21.6,0.0,0.0,0.5,-1
1953-06-13,4.4,22.7,0.0,0.0,0.5,-1
1953-06-14,4.9,23.3,0.0,0.0,0.5,-1
1953-06-15,4.9,24.9,0.0,0.0,0.5,-1
1953-06-16,7.7,25.5,0.0,0.0,0.5,-1
1953-06-17,13.8,22.7,0.1,0.0,0.5,-1
1953-06-18,12.2,24.4,0.0,0.0,0.5,-1
1953-06-19,8.8,28.8,0.1,0.0,0.5,-1
1953-06-20,17.7,28.3,0.2,0.0,0.5,-1
1953-06-21,16.0,30.5,0.2,0.0,0.5,-1
1953-06-22,11.6,24.4,0.0,0.0,0.5,-1
1953-06-23,9.9,13.8,0.0,0.0,0.5,-1
1953-06-24,3.8,22.7,0.0,0.0,0.5,-1
1953-06-25,4.9,23.8,0.1,0.0,0.5,-1
1953-06-26,16.0,27.1,0.0,0.0,0.5,-1
1953-06-27,16.0,27.1,0.0,0.0,0.5,-1
1953-06-28,14.4,22.1,1.8,0.0,0.5,-1
1953-06-29,7.2,23.8,0.0,0.0,0.5,-1
1953-06-30,13.3,24.9,0.0,0.0,0.5,-1
1953-07-01,9.4,21.0,0.0,0.0,0.5,-1
1953-07-02,14.4,22.7,0.6,0.0,0.5,-1
1953-07-03,7.2,15.5,1.1,0.0,0.5,-1
1953-07-04,3.8,25.5,0.0,0.0,0.5,-1
1953-07-05,7.2,26.0,0.2,0.0,0.5,-1
1953-07-06,15.5,23.8,0.5,0.0,0.5,-1
1953-07-07,9.9,23.3,0.1,0.0,0.5,-1
1953-07-08,11.0,17.7,0.8,0.0,0.5,-1
1953-07-09,7.7,17.2,0.0,0.0,0.5,-1
1953-07-10,5.5,18.3,0.1,0.0,0.5,-1
1953-07-11,7.7,19.4,0.3,0.0,0.5,-1
1953-07-12,11.6,26.6,0.0,0.0,0.5,-1
1953-07-13,13.8,26.0,0.0,0.0,0.5,-1
1953-07-14,16.0,26.6,0.8,0.0,0.5,-1
1953-07-15,11.6,27.7,0.1,0.0,0.5,-1
1953-07-16,13.8,31.0,0.0,0.0,0.5,-1
1953-07-17,16.6,33.8,0.0,0.0,0.5,-1
1953-07-18,16.6,30.5,0.4,0.0,0.5,-1
1953-07-19,19.4,27.1,0.1,0.0,0.5,-1
1953-07-20,11.0,31.6,0.0,0.0,0.5,-1
1953-07-21,13.3,27.1,0.0,0.0,0.5,-1
1953-07-22,12.2,28.3,0.6,0.0,0.5,-1
1953-07-23,17.7,24.9,2.7,0.0,0.5,-1
1953-07-24,8.3,17.2,0.0,0.0,0.5,-1
1953-07-25,3.3,21.0,0.2,0.0,0.5,-1
1953-07-26,13.3,21.0,0.4,0.0,0.5,-1
1953-07-27,12.7,22.7,2.1,0.0,0.5,-1
1953-07-28,8.8,22.1,0.2,0.0,0.5,-1
1953-07-29,12.2,26.0,0.8,0.0,0.5,-1
1953-07-30,9.4,22.1,0.0,0.0,0.5,-1
1953-07-31,11.6,17.2,0.0,0.0,0.5,-1
1953-08-01,3.8,18.3,0.0,0.0,0.5,-1
1953-08-02,3.3,18.3,0.0,0.0,0.5,-1
1953-08-03,1.6,20.5,0.0,0.0,0.5,-1
1953-08-04,6.6,17.2,0.2,0.0,0.5,-1
1953-08-05,9.4,21.0,0.0,0.0,0.5,-1
1953-08-06,6.6,21.6,0.0,0.0,0.5,-1
1953-08-07,4.9,23.8,0.0,0.0,0.5,-1
1953-08-08,11.0,26.0,0.0,0.0,0.5,-1
1953-08-09,9.4,22.7,0.0,0.0,0.5,-1
1953-08-10,8.8,23.8,0.0,0.0,0.5,-1
1953-08-11,7.7,27.1,0.0,0.0,0.5,-1
1953-08-12,7.7,27.7,0.1,0.0,0.5,-1
1953-08-13,13.8,27.1,0.3,0.0,0.5,-1
1953-08-14,12.7,28.3,1.0,0.0,0.5,-1
1953-08-15,13.8,17.7,0.8,0.0,0.5,-1
1953-08-16,9.4,18.3,0.0,0.0,0.5,-1
1953-08-17,7.2,17.7,0.0,0.0,0.5,-1
1953-08-18,9.4,14.9,0.0,0.0,0.5,-1
1953-08-19,9.4,13.3,0.0,0.0,0.5,-1
1953-08-20,0.0,22.1,0.0,0.0,0.5,-1
1953-08-21,2.2,28.8,0.0,0.0,0.5,-1
1953-08-22,7.7,26.0,0.0,0.0,0.5,-1
1953-08-23,11.0,26.6,0.2,0.0,0.5,-1
1953-08-24,13.3,26.0,0.2,0.0,0.5,-1
1953-08-25,12.2,27.1,0.0,0.0,0.5,-1
1953-08-26,13.3,27.1,0.2,0.0,0.5,-1
1953-08-27,14.9,31.6,0.3,0.0,0.5,-1
1953-08-28,18.3,28.3,0.1,0.0,0.5,-1
1953-08-29,17.2,31.6,0.0,0.0,0.5,-1
1953-08-30,19.4,26.0,0.4,0.0,0.5,-1
1953-08-31,16.6,24.4,0.4,0.0,0.5,-1
1953-09-01,9.9,31.6,0.9,0.0,0.5,-1
1953-09-02,15.5,24.4,1.7,0.0,0.5,-1
1953-09-03,9.4,27.1,0.0,0.0,0.5,-1
1953-09-04,12.2,28.8,1.2,0.0,0.5,-1
1953-09-05,12.7,16.6,0.7,0.0,0.5,-1
1953-09-06,4.4,22.7,0.0,0.0,0.5,-1
1953-09-07,6.1,20.5,0.1,0.0,0.5,-1
1953-09-08,7.2,13.8,0.5,0.0,0.5,-1
1953-09-09,6.6,12.7,0.0,0.0,0.5,-1
1953-09-10,-1.6,18.8,0.3,0.0,0.5,-1
1953-09-11,4.9,21.0,0.5,0.0,0.5,-1
1953-09-12,12.7,17.2,0.8,0.0,0.5,-1
1953-09-13,10.5,12.7,0.6,0.0,0.5,-1
1953-09-14,2.2,10.5,0.7,0.0,0.5,-1
1953-09-15,1.1,12.7,0.4,0.0,0.5,-1
1953-09-16,3.3,9.9,1.1,0.0,0.5,-1
1953-09-17,4.9,11.6,0.1,0.0,0.5,-1
1953-09-18,-2.2,16.0,0.1,0.0,0.5,-1
1953-09-19,0.5,14.9,4.3,0.0,0.5,-1
1953-09-20,11.6,21.0,2.1,0.0,0.5,-1
1953-09-21,7.7,13.3,1.3,0.0,0.5,-1
1953-09-22,2.2,10.5,0.3,0.0,0.5,-1
1953-09-23,0.5,10.5,0.0,0.0,0.5,-1
1953-09-24,-0.5,17.2,0.0,0.0,0.5,-1
1953-09-25,2.7,22.1,0.6,0.0,0.5,-1
1953-09-26,10.5,14.9,2.6,0.0,0.5,-1
1953-09-27,6.6,13.3,1.2,0.0,0.5,-1
1953-09-28,6.1,8.3,0.2,0.0,0.5,-1
1953-09-29,3.3,12.2,0.1,0.0,0.5,-1
1953-09-30,2.7,17.7,0.1,0.0,0.5,-1
1953-10-01,6.1,15.5,0.0,0.0,0.5,-1
1953-10-02,-2.2,22.1,0.0,0.0,0.5,-1
1953-10-03,0.0,28.3,0.6,0.0,0.5,-1
1953-10-04,4.9,13.3,2.5,0.0,0.5,-1
1953-10-05,2.2,7.2,0.0,0.0,0.5,-1
1953-10-06,2.7,4.4,0.0,0.0,0.5,-1
1953-10-07,-2.2,5.5,0.0,0.0,0.5,-1
1953-10-08,-2.7,11.0,0.0,0.0,0.5,-1
1953-10-09,0.5,7.2,0.0,0.0,0.5,-1
1953-10-10,-5.5,8.8,0.0,0.0,0.5,-1
1953-10-11,-4.4,6.6,0.0,0.0,0.5,-1
1953-10-12,-1.1,4.4,0.0,0.0,0.5,-1
1953-10-13,-7.2,9.9,0.0,0.0,0.5,-1
1953-10-14,-5.5,17.2,0.0,0.0,0.5,-1
1953-10-15,-2.2,15.5,0.0,0.0,0.5,-1
1953-10-16,0.0,17.2,0.0,0.0,0.5,-1
1953-10-17,-2.2,17.7,0.0,0.0,0.5,-1
1953-10-18,0.5,21.6,0.0,0.0,0.5,-1
1953-10-19,7.7,18.8,0.0,0.0,0.5,-1
1953-10-20,9.9,14.4,0.0,0.0,0.5,-1
1953-10-21,0.0,17.7,0.0,0.0,0.5,-1
1953-10-22,0.5,18.8,0.0,0.0,0.5,-1
1953-10-23,-0.5,18.3,0.0,0.0,0.5,-1
1953-10-24,-1.1,9.9,0.0,0.0,0.5,-1
1953-10-25,-2.2,12.7,0.0,0.0,0.5,-1
1953-10-26,-5.5,8.8,0.0,0.0,0.5,-1
1953-10-27,-3.3,5.5,0.0,0.0,0.5,-1
1953-10-28,-0.5,3.8,0.8,0.0,0.5,-1
1953-10-29,-2.2,7.7,0.0,0.0,0.5,-1
1953-10-30,-2.2,6.1,0.0,0.0,0.5,-1
1953-10-31,-1.6,8.3,0.0,0.1,0.5,-1
1953-11-01,-2.7,2.2,0.1,0.6,0.5,-1
1953-11-02,-2.7,4.4,1.1,0.0,0.5,-1
1953-11-03,0.0,10.5,1.0,0.0,0.5,-1
1953-11-04,-2.7,-2.7,0.1,0.1,0.5,-1
1953-11-05,-8.8,2.2,0.0,0.0,0.5,-1
1953-11-06,-12.2,2.2,0.0,0.0,0.5,-1
1953-11-07,-12.2,3.8,0.2,0.0,0.5,-1
1953-11-08,-3.8,1.1,0.6,0.4,0.5,-1
1953-11-09,-1.1,1.1,0.0,0.1,0.5,-1
1953-11-10,-1.1,1.1,0.1,0.0,0.5,-1
1953-11-11,-1.1,1.6,0.0,0.0,0.5,-1
1953-11-12,-1.6,1.1,0.0,0.0,0.5,-1
1953-11-13,-1.1,2.7,0.0,0.0,0.5,-1
1953-11-14,0.0,7.2,0.0,0.0,0.5,-1
1953-11-15,2.2,4.9,0.1,0.0,0.5,-1
1953-11-16,-1.1,9.9,0.0,0.0,0.5,-1
1953-11-17,-1.6,9.4,0.0,0.0,0.5,-1
1953-11-18,0.0,16.0,0.0,0.0,0.5,-1
1953-11-19,2.2,16.6,0.0,0.0,0.5,-1
1953-11-20,3.8,14.4,0.0,0.0,0.5,-1
1953-11-21,2.7,11.0,0.0,0.0,0.5,-1
1953-11-22,2.7,13.3,0.3,0.0,0.5,-1
1953-11-23,5.5,6.6,2.1,0.0,0.5,-1
1953-11-24,-0.5,6.6,0.1,0.0,0.5,-1
1953-11-25,1.6,7.2,1.0,0.0,0.5,-1
1953-11-26,1.1,2.7,0.1,0.2,0.5,-1
1953-11-27,-2.2,1.6,0.0,0.1,0.5,-1
1953-11-28,-3.3,-2.7,0.0,0.5,0.5,-1
1953-11-29,-6.1,-2.2,0.0,0.3,0.5,-1
1953-11-30,-4.9,-1.1,0.0,0.0,0.5,-1
1953-12-01,-7.2,1.1,0.0,0.0,0.5,-1
1953-12-02,-11.6,0.0,0.0,0.0,0.5,-1
1953-12-03,-10.5,2.2,0.6,0.0,0.5,-1
1953-12-04,-0.5,7.2,0.4,0.0,0.5,-1
1953-12-05,2.2,3.3,0.2,0.0,0.5,-1
1953-12-06,-1.1,7.2,0.1,0.0,0.5,-1
1953-12-07,-1.1,3.3,0.1,0.0,0.5,-1
1953-12-08,-1.1,4.4,0.0,0.0,0.5,-1
1953-12-09,-4.4,-2.2,0.0,0.4,0.5,-1
1953-12-10,-4.9,-4.4,0.0,0.7,0.5,-1
1953-12-11,-8.3,2.2,0.0,0.0,0.5,-1
1953-12-12,-7.2,2.2,0.4,0.1,0.5,-1
1953-12-13,-2.7,-1.1,0.0,0.2,0.5,-1
1953-12-14,-8.3,-3.3,0.0,1.4,0.5,-1
1953-12-15,-11.6,-11.6,0.0,0.8,0.5,-1
1953-12-16,-17.7,-12.2,0.0,0.1,0.5,-1
1953-12-17,-19.9,-11.6,0.0,0.0,0.5,-1
1953-12-18,-18.8,-15.5,0.0,0.1,0.5,-1
1953-12-19,-17.7,-2.7,0.0,0.6,0.5,-1
1953-12-20,-17.2,1.1,0.4,0.3,0.5,-1
1953-12-21,-3.8,1.1,0.4,0.3,0.5,-1
1953-12-22,-7.7,-4.9,0.0,0.9,0.5,-1
1953-12-23,-18.8,-17.7,0.0,0.1,0.5,-1
1953-12-24,-27.1,0.0,0.0,0.3,0.5,-1
1953-12-25,-21.6,0.5,0.0,0.6,0.5,-1
1953-12-26,-8.8,-8.3,0.0,0.6,0.5,-1
1953-12-27,-24.4,-7.2,0.0,0.3,0.5,-1
1953-12-28,-25.5,-2.2,0.0,0.6,0.5,-1
1953-12-29,-9.9,-2.2,0.0,0.3,0.5,-1
1953-12-30,-22.1,-19.9,0.0,0.3,0.5,-1
1953-12-31,-31.0,-18.3,0.0,0.0,0.5,-1
1954-01-01,-32.1,-17.2,0.0,0.4,0.5,-1
1954-01-02,-23.8,-13.8,0.0,0.8,0.5,-1
1954-01-03,-22.1,-8.8,0.0,0.4,0.5,-1
1954-01-04,-26.6,-11.0,0.0,0.0,0.5,-1
1954-01-05,-19.9,-7.2,0.0,0.1,0.5,-1
1954-01-06,-12.7,-7.7,0.0,0.1,0.5,-1
1954-01-07,-17.2,-14.9,0.0,0.2,0.5,-1
1954-01-08,-25.5,-19.9,0.0,0.0,0.5,-1
1954-01-09,-25.5,-21.6,0.0,0.8,0.5,-1
1954-01-10,-28.8,-23.3,0.0,0.0,0.5,-1
1954-01-11,-36.0,-21.0,0.0,0.0,0.5,-1
1954-01-12,-33.2,-18.8,0.0,0.0,0.5,-1
1954-01-13,-32.1,-15.5,0.0,0.0,0.5,-1
1954-01-14,-31.6,-6.1,0.0,0.9,0.5,-1
1954-01-15,-16.6,-4.9,0.0,0.2,0.5,-1
1954-01-16,-10.5,-6.1,0.0,0.5,0.5,-1
1954-01-17,-31.6,-21.0,0.0,0.0,0.5,-1
1954-01-18,-32.1,-12.2,0.0,0.5,0.5,-1
1954-01-19,-24.4,-4.4,0.0,0.0,0.5,-1
1954-01-20,-16.6,-0.5,0.1,1.2,0.5,-1
1954-01-21,-25.5,-20.5,0.0,0.0,0.5,-1
1954-01-22,-31.6,-23.3,0.0,0.0,0.5,-1
1954-01-23,-35.5,-12.7,0.0,0.0,0.5,-1
1954-01-24,-31.6,-2.2,0.0,0.1,0.5,-1
1954-01-25,-14.4,-1.1,0.0,0.5,0.5,-1
1954-01-26,-10.5,-1.6,0.0,0.6,0.5,-1
1954-01-27,-18.8,-13.8,0.0,0.0,0.5,-1
1954-01-28,-24.4,-14.9,0.0,0.0,0.5,-1
1954-01-29,-28.3,-12.7,0.0,0.4,0.5,-1
1954-01-30,-28.8,-7.2,0.0,0.8,0.5,-1
1954-01-31,-21.0,-17.2,0.0,0.0,0.5,-1
1954-02-01,-29.9,-9.4,0.0,0.2,0.5,-1
1954-02-02,-28.3,-2.2,0.0,0.7,0.5,-1
1954-02-03,-9.9,-1.1,0.0,0.3,0.5,-1
1954-02-04,-6.6,-1.6,0.0,0.2,0.5,-1
1954-02-05,-6.6,-4.4,0.0,1.5,0.5,-1
1954-02-06,-13.8,-12.2,0.0,0.7,0.5,-1
1954-02-07,-17.2,-2.7,0.0,0.2,0.5,-1
1954-02-08,-14.9,-0.5,0.0,0.4,0.5,-1
1954-02-09,-12.2,-9.4,0.0,0.4,0.5,-1
1954-02-10,-18.8,-9.9,0.0,0.0,0.5,-1
1954-02-11,-19.9,-15.5,0.0,0.0,0.5,-1
1954-02-12,-31.6,-19.9,0.0,0.0,0.5,-1
1954-02-13,-36.0,-12.2,0.0,0.2,0.5,-1
1954-02-14,-36.6,-12.7,0.0,1.0,0.5,-1
1954-02-15,-14.9,4.4,0.0,0.3,0.5,-1
1954-02-16,-7.2,-3.3,0.1,0.0,0.5,-1
1954-02-17,-8.8,7.2,0.0,0.0,0.5,-1
1954-02-18,-13.3,7.7,0.0,0.0,0.5,-1
1954-02-19,-12.7,11.0,0.0,0.0,0.5,-1
1954-02-20,-11.6,8.8,0.2,0.0,0.5,-1
1954-02-21,-9.4,6.1,0.6,0.0,0.5,-1
1954-02-22,-7.2,-6.1,0.0,0.1,0.5,-1
1954-02-23,-19.9,-2.7,0.0,0.0,0.5,-1
1954-02-24,-20.5,-3.3,0.0,0.1,0.5,-1
1954-02-25,-10.5,0.5,0.0,0.2,0.5,-1
1954-02-26,-12.7,-1.1,0.0,0.1,0.5,-1
1954-02-27,-18.8,2.2,0.0,0.0,0.5,-1
1954-02-28,-17.7,8.8,0.0,0.0,0.5,-1
1954-03-01,-1.1,12.7,0.0,0.0,0.5,-1
1954-03-02,0.0,0.5,0.2,0.0,0.5,-1
1954-03-03,-7.2,2.2,0.0,0.5,0.5,-1
1954-03-04,-14.4,-13.3,0.0,0.5,0.5,-1
1954-03-05,-18.8,-11.0,0.0,0.1,0.5,-1
1954-03-06,-18.8,-4.4,0.0,0.2,0.5,-1
1954-03-07,-12.7,-2.7,0.0,0.2,0.5,-1
1954-03-08,-16.6,-6.6,0.0,0.1,0.5,-1
1954-03-09,-16.6,-3.3,0.1,0.1,0.5,-1
1954-03-10,-16.0,-2.7,0.0,0.0,0.5,-1
1954-03-11,-17.7,-6.1,0.0,0.0,0.5,-1
1954-03-12,-17.7,-6.1,0.0,0.2,0.5,-1
1954-03-13,-13.3,-2.7,0.0,1.1,0.5,-1
1954-03-14,-12.7,1.1,0.0,0.1,0.5,-1
1954-03-15,-15.5,-3.3,0.0,0.0,0.5,-1
1954-03-16,-14.4,-1.1,0.0,0.1,0.5,-1
1954-03-17,-12.2,-3.3,0.0,0.0,0.5,-1
1954-03-18,-18.8,-0.5,0.0,0.0,0.5,-1
1954-03-19,-19.4,4.4,0.0,0.3,0.5,-1
1954-03-20,-2.2,-0.5,0.1,1.4,0.5,-1
1954-03-21,-9.9,-3.8,0.0,0.5,0.5,-1
1954-03-22,-17.2,2.7,0.0,0.1,0.5,-1
1954-03-23,-16.0,0.0,0.0,0.1,0.5,-1
1954-03-24,-16.6,2.7,0.0,0.0,0.5,-1
1954-03-25,-14.9,6.6,0.4,0.0,0.5,-1
1954-03-26,-11.6,5.5,0.4,0.0,0.5,-1
1954-03-27,-15.5,-2.2,0.0,0.2,0.5,-1
1954-03-28,-13.3,2.7,0.0,0.2,0.5,-1
1954-03-29,-18.8,-10.5,0.0,0.4,0.5,-1
1954-03-30,-25.5,-2.2,0.0,0.2,0.5,-1
1954-03-31,-18.3,-1.6,0.0,0.1,0.5,-1
1954-04-01,-19.4,-0.5,0.0,0.0,0.5,-1
1954-04-02,-16.0,-6.1,0.0,0.5,0.5,-1
1954-04-03,-21.0,-12.2,0.0,0.0,0.5,-1
1954-04-04,-25.5,-4.4,0.0,0.0,0.5,-1
1954-04-05,-20.5,6.6,0.0,0.0,0.5,-1
1954-04-06,-7.2,2.7,1.4,0.0,0.5,-1
1954-04-07,-7.7,3.3,0.6,0.0,0.5,-1
1954-04-08,-2.2,-2.2,2.2,0.0,0.5,-1
1954-04-09,-14.9,3.8,0.0,0.0,0.5,-1
1954-04-10,-12.7,8.3,0.0,0.0,0.5,-1
1954-04-11,2.7,12.2,0.1,0.0,0.5,-1
1954-04-12,-7.2,3.8,0.0,0.0,0.5,-1
1954-04-13,-6.6,6.1,0.0,0.0,0.5,-1
1954-04-14,-1.6,8.3,0.1,0.0,0.5,-1
1954-04-15,-5.5,10.5,0.1,0.0,0.5,-1
1954-04-16,-0.5,6.1,1.4,0.0,0.5,-1
1954-04-17,1.1,7.2,1.5,0.0,0.5,-1
1954-04-18,0.0,7.2,0.1,0.0,0.5,-1
1954-04-19,2.2,12.7,0.1,0.0,0.5,-1
1954-04-20,-3.3,13.3,0.0,0.0,0.5,-1
1954-04-21,-3.3,13.3,0.1,0.0,0.5,-1
1954-04-22,0.0,14.4,0.1,0.0,0.5,-1
1954-04-23,-1.6,3.3,0.0,0.0,0.5,-1
1954-04-24,-6.6,7.7,0.0,0.0,0.5,-1
1954-04-25,-2.2,8.3,0.0,0.0,0.5,-1
1954-04-26,-1.1,6.1,0.0,0.0,0.5,-1
1954-04-27,-0.5,8.3,0.0,0.0,0.5,-1
1954-04-28,-1.1,17.2,0.0,0.0,0.5,-1
1954-04-29,-4.9,21.0,0.0,0.0,0.5,-1
1954-04-30,0.0,22.7,0.0,0.0,0.5,-1
1954-05-01,3.8,22.7,0.0,0.0,0.5,-1
1954-05-02,8.8,15.5,0.0,0.0,0.5,-1
1954-05-03,4.4,13.3,1.6,0.0,0.5,-1
1954-05-04,1.1,3.8,1.4,0.0,0.5,-1
1954-05-05,-4.4,8.8,0.0,0.0,0.5,-1
1954-05-06,-1.1,10.5,0.0,0.0,0.5,-1
1954-05-07,-0.5,13.8,0.0,0.0,0.5,-1
1954-05-08,2.2,8.8,0.4,0.0,0.5,-1
1954-05-09,6.6,7.7,0.7,0.0,0.5,-1
1954-05-10,3.8,12.2,0.3,0.0,0.5,-1
1954-05-11,2.7,11.0,0.3,0.0,0.5,-1
1954-05-12,2.2,14.9,0.1,0.0,0.5,-1
1954-05-13,-2.2,18.3,0.0,0.0,0.5,-1
1954-05-14,0.5,22.7,0.0,0.0,0.5,-1
1954-05-15,1.6,24.4,0.0,0.0,0.5,-1
1954-05-16,3.3,18.3,0.1,0.1,0.5,-1
1954-05-17,6.6,9.4,0.1,0.0,0.5,-1
1954-05-18,0.5,4.4,0.0,0.0,0.5,-1
1954-05-19,-0.5,5.5,0.0,0.0,0.5,-1
1954-05-20,-0.5,13.8,0.0,0.0,0.5,-1
1954-05-21,0.0,19.4,0.0,0.0,0.5,-1
1954-05-22,4.9,19.9,0.0,0.0,0.5,-1
1954-05-23,4.4,21.0,0.0,0.0,0.5,-1
1954-05-24,1.1,23.3,0.0,0.0,0.5,-1
1954-05-25,6.6,16.6,0.2,0.0,0.5,-1
1954-05-26,0.0,11.0,0.1,0.0,0.5,-1
1954-05-27,-5.5,17.2,0.0,0.0,0.5,-1
1954-05-28,3.3,8.8,0.5,0.0,0.5,-1
1954-05-29,4.9,11.6,2.3,0.0,0.5,-1
1954-05-30,6.6,13.3,0.0,0.0,0.5,-1
1954-05-31,2.7,16.6,0.4,0.0,0.5,-1
1954-06-01,6.1,9.9,1.1,0.0,0.5,-1
1954-06-02,8.8,12.2,2.9,0.0,0.5,-1
1954-06-03,8.3,16.0,0.1,0.0,0.5,-1
1954-06-04,8.3,12.2,0.8,0.0,0.5,-1
1954-06-05,8.8,12.7,0.1,0.0,0.5,-1
1954-06-06,7.7,13.8,0.2,0.0,0.5,-1
1954-06-07,8.3,21.6,0.1,0.0,0.5,-1
1954-06-08,4.9,24.9,0.0,0.0,0.5,-1
1954-06-09,8.3,27.7,0.0,0.0,0.5,-1
1954-06-10,13.8,22.1,0.6,0.0,0.5,-1
1954-06-11,8.8,20.5,0.0,0.0,0.5,-1
1954-06-12,2.7,20.5,0.1,0.0,0.5,-1
1954-06-13,12.7,24.4,0.3,0.0,0.5,-1
1954-06-14,11.0,18.8,1.2,0.0,0.5,-1
1954-06-15,13.3,23.3,0.1,0.0,0.5,-1
1954-06-16,9.4,22.7,0.0,0.0,0.5,-1
1954-06-17,14.4,22.1,0.0,0.0,0.5,-1
1954-06-18,14.4,27.1,0.0,0.0,0.5,-1
1954-06-19,12.2,23.3,1.3,0.0,0.5,-1
1954-06-20,16.6,22.7,0.3,0.0,0.5,-1
1954-06-21,14.4,19.4,0.2,0.0,0.5,-1
1954-06-22,12.7,22.1,0.3,0.0,0.5,-1
1954-06-23,12.2,22.7,0.0,0.0,0.5,-1
1954-06-24,8.3,23.8,0.0,0.0,0.5,-1
1954-06-25,16.0,27.1,0.0,0.0,0.5,-1
1954-06-26,10.5,24.9,0.7,0.0,0.5,-1
1954-06-27,12.7,16.6,2.2,0.0,0.5,-1
1954-06-28,10.5,26.0,0.0,0.0,0.5,-1
1954-06-29,9.9,27.1,0.0,0.0,0.5,-1
1954-06-30,12.7,20.5,0.0,0.0,0.5,-1
1954-07-01,14.9,20.5,0.3,0.0,0.5,-1
1954-07-02,13.8,16.0,0.2,0.0,0.5,-1
1954-07-03,8.3,20.5,0.0,0.0,0.5,-1
1954-07-04,3.8,17.7,0.1,0.0,0.5,-1
1954-07-05,11.0,22.1,0.5,0.0,0.5,-1
1954-07-06,6.1,16.6,2.1,0.0,0.5,-1
1954-07-07,7.7,15.5,1.1,0.0,0.5,-1
1954-07-08,7.2,14.9,0.1,0.0,0.5,-1
1954-07-09,6.6,16.0,0.0,0.0,0.5,-1
1954-07-10,6.1,22.7,0.0,0.0,0.5,-1
1954-07-11,6.1,24.4,0.1,0.0,0.5,-1
1954-07-12,7.7,22.1,1.1,0.0,0.5,-1
1954-07-13,9.9,24.9,0.2,0.0,0.5,-1
1954-07-14,10.5,17.7,0.6,0.0,0.5,-1
1954-07-15,4.9,17.2,0.1,0.0,0.5,-1
1954-07-16,6.6,19.4,0.0,0.0,0.5,-1
1954-07-17,4.9,24.4,0.0,0.0,0.5,-1
1954-07-18,10.5,22.7,0.3,0.0,0.5,-1
1954-07-19,13.3,21.6,0.0,0.0,0.5,-1
1954-07-20,11.0,23.8,0.1,0.0,0.5,-1
1954-07-21,12.2,22.1,0.1,0.0,0.5,-1
1954-07-22,11.0,22.7,0.1,0.0,0.5,-1
1954-07-23,12.7,26.6,0.3,0.0,0.5,-1
1954-07-24,13.3,23.8,0.0,0.0,0.5,-1
1954-07-25,14.4,21.0,0.3,0.0,0.5,-1
1954-07-26,12.7,23.8,0.5,0.0,0.5,-1
1954-07-27,14.4,26.6,0.0,0.0,0.5,-1
1954-07-28,10.5,27.1,0.1,0.0,0.5,-1
1954-07-29,13.3,24.9,4.5,0.0,0.5,-1
1954-07-30,16.0,24.4,0.2,0.0,0.5,-1
1954-07-31,11.6,17.2,0.7,0.0,0.5,-1
1954-08-01,13.8,22.7,0.3,0.0,0.5,-1
1954-08-02,9.4,24.4,0.0,0.0,0.5,-1
1954-08-03,13.3,22.7,1.0,0.0,0.5,-1
1954-08-04,13.8,16.0,2.3,0.0,0.5,-1
1954-08-05,10.5,21.0,0.5,0.0,0.5,-1
1954-08-06,12.2,22.1,0.0,0.0,0.5,-1
1954-08-07,12.7,17.7,0.0,0.0,0.5,-1
1954-08-08,3.3,19.4,0.0,0.0,0.5,-1
1954-08-09,9.4,18.3,0.4,0.0,0.5,-1
1954-08-10,12.7,21.6,1.7,0.0,0.5,-1
1954-08-11,10.5,12.7,1.2,0.0,0.5,-1
1954-08-12,10.5,15.5,0.3,0.0,0.5,-1
1954-08-13,7.7,21.6,0.1,0.0,0.5,-1
1954-08-14,7.2,21.6,0.0,0.0,0.5,-1
1954-08-15,12.7,22.7,0.5,0.0,0.5,-1
1954-08-16,13.3,16.0,0.8,0.0,0.5,-1
1954-08-17,9.9,19.9,0.1,0.0,0.5,-1
1954-08-18,7.7,22.1,0.1,0.0,0.5,-1
1954-08-19,11.6,21.6,0.3,0.0,0.5,-1
1954-08-20,8.3,20.5,0.3,0.0,0.5,-1
1954-08-21,4.4,22.7,0.0,0.0,0.5,-1
1954-08-22,4.9,24.9,0.0,0.0,0.5,-1
1954-08-23,7.2,22.1,0.4,0.0,0.5,-1
1954-08-24,10.5,26.6,0.3,0.0,0.5,-1
1954-08-25,17.2,22.7,0.3,0.0,0.5,-1
1954-08-26,3.3,16.0,0.0,0.0,0.5,-1
1954-08-27,-0.5,18.8,0.0,0.0,0.5,-1
1954-08-28,3.8,16.0,0.0,0.0,0.5,-1
1954-08-29,4.9,18.3,0.0,0.0,0.5,-1
1954-08-30,5.5,22.1,0.1,0.0,0.5,-1
1954-08-31,9.9,16.6,0.7,0.0,0.5,-1
1954-09-01,11.0,21.6,0.9,0.0,0.5,-1
1954-09-02,11.6,21.0,0.2,0.0,0.5,-1
1954-09-03,12.2,17.2,2.0,0.0,0.5,-1
1954-09-04,3.8,18.8,0.1,0.0,0.5,-1
1954-09-05,4.4,17.2,0.2,0.0,0.5,-1
1954-09-06,6.1,17.2,0.3,0.0,0.5,-1
1954-09-07,7.2,17.7,2.3,0.0,0.5,-1
1954-09-08,7.2,16.0,0.0,0.0,0.5,-1
1954-09-09,-0.5,17.7,0.0,0.0,0.5,-1
1954-09-10,4.9,15.5,0.6,0.0,0.5,-1
1954-09-11,8.3,12.2,0.2,0.0,0.5,-1
1954-09-12,3.8,9.4,0.0,0.0,0.5,-1
1954-09-13,-2.7,12.2,0.4,0.0,0.5,-1
1954-09-14,0.0,15.5,0.0,0.0,0.5,-1
1954-09-15,0.0,15.5,0.0,0.0,0.5,-1
1954-09-16,1.6,12.2,0.0,0.0,0.5,-1
1954-09-17,3.3,16.0,0.0,0.0,0.5,-1
1954-09-18,1.1,13.8,0.2,0.0,0.5,-1
1954-09-19,2.7,17.7,0.8,0.0,0.5,-1
1954-09-20,9.4,12.7,0.6,0.0,0.5,-1
1954-09-21,9.9,13.8,0.7,0.0,0.5,-1
1954-09-22,9.4,9.4,1.7,0.0,0.5,-1
1954-09-23,4.9,7.7,0.2,0.0,0.5,-1
1954-09-24,1.6,13.8,0.3,0.0,0.5,-1
1954-09-25,2.2,12.7,1.4,0.0,0.5,-1
1954-09-26,7.2,9.4,0.0,0.0,0.5,-1
1954-09-27,-0.5,12.2,0.6,0.0,0.5,-1
1954-09-28,2.2,11.0,0.9,0.0,0.5,-1
1954-09-29,3.3,11.6,1.8,0.0,0.5,-1
1954-09-30,6.6,17.7,1.5,0.0,0.5,-1
1954-10-01,11.0,12.7,0.5,0.0,0.5,-1
1954-10-02,7.2,10.5,0.5,0.0,0.5,-1
1954-10-03,0.0,9.4,0.2,0.0,0.5,-1
1954-10-04,3.3,17.7,1.4,0.0,0.5,-1
1954-10-05,2.2,9.4,0.0,0.0,0.5,-1
1954-10-06,-3.3,3.8,0.1,0.0,0.5,-1
1954-10-07,-2.2,5.5,0.0,0.0,0.5,-1
1954-10-08,0.5,13.3,0.0,0.0,0.5,-1
1954-10-09,2.2,11.0,0.1,0.0,0.5,-1
1954-10-10,5.5,9.4,0.4,0.0,0.5,-1
1954-10-11,6.1,11.0,0.8,0.0,0.5,-1
1954-10-12,6.1,16.0,0.1,0.0,0.5,-1
1954-10-13,9.9,18.3,0.2,0.0,0.5,-1
1954-10-14,2.7,15.5,1.1,0.0,0.5,-1
1954-10-15,3.8,23.3,0.0,0.0,0.5,-1
1954-10-16,8.8,14.4,0.1,0.0,0.5,-1
1954-10-17,2.2,7.7,0.1,0.0,0.5,-1
1954-10-18,1.1,6.1,0.1,0.0,0.5,-1
1954-10-19,-3.8,7.2,0.0,0.0,0.5,-1
1954-10-20,-1.6,12.2,0.0,0.0,0.5,-1
1954-10-21,-1.6,9.4,0.0,0.0,0.5,-1
1954-10-22,-4.9,8.8,0.0,0.0,0.5,-1
1954-10-23,-4.9,16.0,0.0,0.0,0.5,-1
1954-10-24,3.3,7.7,0.0,0.2,0.5,-1
1954-10-25,0.0,1.6,0.2,0.1,0.5,-1
1954-10-26,-1.6,2.2,0.7,0.4,0.5,-1
1954-10-27,-1.1,2.2,0.5,0.0,0.5,-1
1954-10-28,-1.1,4.9,0.1,0.0,0.5,-1
1954-10-29,1.1,5.5,0.2,0.0,0.5,-1
1954-10-30,2.7,3.8,0.4,0.0,0.5,-1
1954-10-31,-2.7,0.0,0.0,0.1,0.5,-1
1954-11-01,-4.4,0.5,0.0,0.6,0.5,-1
1954-11-02,-7.7,2.7,0.1,0.0,0.5,-1
1954-11-03,-6.6,1.6,0.6,0.3,0.5,-1
1954-11-04,-4.4,3.3,0.0,0.0,0.5,-1
1954-11-05,-2.7,-0.5,0.0,0.1,0.5,-1
1954-11-06,-2.7,2.2,0.0,0.0,0.5,-1
1954-11-07,-2.2,4.9,0.1,0.0,0.5,-1
1954-11-08,1.6,4.4,0.2,0.0,0.5,-1
1954-11-09,-6.1,-0.5,0.0,0.0,0.5,-1
1954-11-10,-6.6,3.8,0.0,0.0,0.5,-1
1954-11-11,-4.4,6.1,0.2,0.1,0.5,-1
1954-11-12,-4.9,-2.7,0.0,0.1,0.5,-1
1954-11-13,-11.0,4.9,0.3,0.0,0.5,-1
1954-11-14,-8.8,-1.1,0.6,0.1,0.5,-1
1954-11-15,-12.7,-2.2,0.0,0.0,0.5,-1
1954-11-16,-13.3,0.5,0.0,0.4,0.5,-1
1954-11-17,-2.2,2.7,0.3,0.0,0.5,-1
1954-11-18,0.5,10.5,0.8,0.0,0.5,-1
1954-11-19,2.7,12.2,1.8,0.0,0.5,-1
1954-11-20,6.6,9.4,0.8,0.0,0.5,-1
1954-11-21,-4.9,-3.3,0.0,0.0,0.5,-1
1954-11-22,-5.5,-2.2,0.0,0.1,0.5,-1
1954-11-23,-4.9,-2.2,0.0,0.1,0.5,-1
1954-11-24,-4.9,-0.5,0.0,0.0,0.5,-1
1954-11-25,-6.1,-2.2,0.0,0.0,0.5,-1
1954-11-26,-4.9,-1.1,0.0,0.2,0.5,-1
1954-11-27,-3.8,0.5,0.0,0.4,0.5,-1
1954-11-28,-1.6,1.6,0.2,0.3,0.5,-1
1954-11-29,-1.1,1.6,0.3,0.0,0.5,-1
1954-11-30,1.1,1.6,0.0,0.0,0.5,-1
1954-12-01,-7.7,-7.2,0.0,0.0,0.5,-1
1954-12-02,-11.0,-9.4,0.0,0.2,0.5,-1
1954-12-03,-11.6,-7.7,0.0,0.1,0.5,-1
1954-12-04,-9.9,-4.9,0.0,0.4,0.5,-1
1954-12-05,-17.2,-12.2,0.0,0.0,0.5,-1
1954-12-06,-17.7,-7.7,0.0,0.1,0.5,-1
1954-12-07,-17.7,-7.7,0.0,0.6,0.5,-1
1954-12-08,-13.8,-1.6,0.0,0.7,0.5,-1
1954-12-09,-7.7,0.0,0.0,0.5,0.5,-1
1954-12-10,-6.1,0.0,0.0,0.1,0.5,-1
1954-12-11,-8.8,-4.4,0.0,0.0,0.5,-1
1954-12-12,-7.7,-3.3,0.0,0.3,0.5,-1
1954-12-13,-17.2,-5.5,0.0,0.0,0.5,-1
1954-12-14,-17.2,-3.3,0.0,0.0,0.5,-1
1954-12-15,-10.5,-3.3,0.0,0.1,0.5,-1
1954-12-16,-12.2,-6.6,0.0,0.0,0.5,-1
1954-12-17,-21.6,-3.3,0.0,0.3,0.5,-1
1954-12-18,-19.4,-1.6,0.0,2.1,0.5,-1
1954-12-19,-13.8,-9.9,0.0,0.3,0.5,-1
1954-12-20,-21.0,-11.6,0.0,0.0,0.5,-1
1954-12-21,-25.5,-13.8,0.0,0.0,0.5,-1
1954-12-22,-23.8,-10.5,0.0,0.2,0.5,-1
1954-12-23,-20.5,-5.5,0.0,0.6,0.5,-1
1954-12-24,-12.7,-9.4,0.0,0.1,0.5,-1
1954-12-25,-13.3,-7.7,0.0,0.0,0.5,-1
1954-12-26,-14.9,-2.7,0.0,0.4,0.5,-1
1954-12-27,-8.8,-3.3,0.0,0.1,0.5,-1
1954-12-28,-14.4,-8.8,0.0,0.8,0.5,-1
1954-12-29,-19.9,-7.7,0.0,0.3,0.5,-1
1954-12-30,-16.6,-6.1,0.0,0.6,0.5,-1
1954-12-31,-11.6,-2.2,0.0,0.0,0.5,-1
1955-01-01,-12.2,-2.2,0.0,0.2,0.5,-1
1955-01-02,-4.4,0.0,0.0,0.6,0.5,-1
1955-01-03,-16.0,-8.8,0.0,0.5,0.5,-1
1955-01-04,-17.2,-11.6,0.0,0.1,0.5,-1
1955-01-05,-22.1,-7.7,0.0,0.5,0.5,-1
1955-01-06,-19.9,-6.1,0.0,1.0,0.5,-1
1955-01-07,-16.6,-12.2,0.0,0.0,0.5,-1
1955-01-08,-26.6,-11.6,0.0,0.0,0.5,-1
1955-01-09,-26.6,-4.9,0.0,0.0,0.5,-1
1955-01-10,-16.6,-9.9,0.0,0.0,0.5,-1
1955-01-11,-27.1,-12.2,0.0,0.0,0.5,-1
1955-01-12,-27.7,-7.2,0.0,0.1,0.5,-1
1955-01-13,-18.3,-8.8,0.0,0.0,0.5,-1
1955-01-14,-24.4,-11.6,0.0,0.1,0.5,-1
1955-01-15,-24.9,-8.3,0.0,0.8,0.5,-1
1955-01-16,-17.7,-7.7,0.0,0.0,0.5,-1
1955-01-17,-17.2,-13.8,0.0,0.4,0.5,-1
1955-01-18,-17.7,-12.2,0.0,0.0,0.5,-1
1955-01-19,-14.9,-12.2,0.0,0.0,0.5,-1
1955-01-20,-20.5,-12.7,0.0,0.0,0.5,-1
1955-01-21,-28.3,-12.7,0.0,0.2,0.5,-1
1955-01-22,-27.7,-9.4,0.0,0.4,0.5,-1
1955-01-23,-14.4,-5.5,0.0,0.4,0.5,-1
1955-01-24,-10.5,-6.1,0.0,0.1,0.5,-1
1955-01-25,-11.0,-6.6,0.0,0.2,0.5,-1
1955-01-26,-15.5,-7.2,0.0,0.3,0.5,-1
1955-01-27,-17.7,-17.2,0.0,0.3,0.5,-1
1955-01-28,-36.0,-17.2,0.0,0.1,0.5,-1
1955-01-29,-36.0,-17.7,0.0,0.1,0.5,-1
1955-01-30,-36.6,-21.6,0.0,0.0,0.5,-1
1955-01-31,-36.6,-21.0,0.0,0.0,0.5,-1
1955-02-01,-37.1,-17.2,0.0,0.0,0.5,-1
1955-02-02,-33.2,-17.7,0.0,0.2,0.5,-1
1955-02-03,-34.4,-13.3,0.0,0.2,0.5,-1
1955-02-04,-24.9,-11.0,0.0,0.0,0.5,-1
1955-02-05,-25.5,-2.7,0.0,0.3,0.5,-1
1955-02-06,-19.9,-0.5,0.0,0.5,0.5,-1
1955-02-07,-10.5,-8.8,0.0,0.0,0.5,-1
1955-02-08,-26.6,-12.2,0.0,0.0,0.5,-1
1955-02-09,-27.7,-6.6,0.0,0.7,0.5,-1
1955-02-10,-17.7,-2.7,0.0,0.9,0.5,-1
1955-02-11,-14.4,-11.6,0.0,0.5,0.5,-1
1955-02-12,-22.1,-17.7,0.0,0.1,0.5,-1
1955-02-13,-25.5,-18.3,0.0,0.0,0.5,-1
1955-02-14,-26.6,-7.7,0.0,0.2,0.5,-1
1955-02-15,-17.7,-2.7,0.0,0.1,0.5,-1
1955-02-16,-17.7,-3.8,0.0,0.4,0.5,-1
1955-02-17,-11.6,-2.2,0.0,0.3,0.5,-1
1955-02-18,-7.2,-0.5,0.0,0.0,0.5,-1
1955-02-19,-17.7,2.2,0.0,0.0,0.5,-1
1955-02-20,-17.7,4.9,0.0,0.0,0.5,-1
1955-02-21,-3.8,4.9,0.1,0.0,0.5,-1
1955-02-22,-2.2,-1.1,0.0,0.6,0.5,-1
1955-02-23,-4.9,-3.3,0.0,0.0,0.5,-1
1955-02-24,-16.0,-2.2,0.0,0.1,0.5,-1
1955-02-25,-21.0,-11.6,0.0,0.0,0.5,-1
1955-02-26,-21.6,-1.6,0.0,0.7,0.5,-1
1955-02-27,-12.7,-6.1,0.0,0.2,0.5,-1
1955-02-28,-11.0,-2.7,0.0,0.4,0.5,-1
1955-03-01,-11.0,-0.5,0.0,1.8,0.5,-1
1955-03-02,-12.7,-8.8,0.0,0.0,0.5,-1
1955-03-03,-27.1,-16.6,0.0,0.0,0.5,-1
1955-03-04,-28.3,-11.6,0.0,0.6,0.5,-1
1955-03-05,-17.2,-5.5,0.0,0.3,0.5,-1
1955-03-06,-14.9,-5.5,0.0,0.3,0.5,-1
1955-03-07,-19.9,-12.7,0.0,0.1,0.5,-1
1955-03-08,-21.0,-8.3,0.0,0.2,0.5,-1
1955-03-09,-21.0,-0.5,0.0,0.9,0.5,-1
1955-03-10,-19.4,7.2,0.8,0.0,0.5,-1
1955-03-11,-18.3,7.7,0.6,0.0,0.5,-1
1955-03-12,-21.6,-7.7,0.0,0.2,0.5,-1
1955-03-13,-25.5,-6.1,0.0,0.5,0.5,-1
1955-03-14,-20.5,-1.1,0.0,0.0,0.5,-1
1955-03-15,-21.0,1.6,0.8,0.2,0.5,-1
1955-03-16,-8.8,-5.5,0.0,0.1,0.5,-1
1955-03-17,-12.7,-7.2,0.0,0.2,0.5,-1
1955-03-18,-18.8,-5.5,0.0,0.1,0.5,-1
1955-03-19,-19.9,-7.2,0.0,0.1,0.5,-1
1955-03-20,-17.7,-0.5,0.0,0.4,0.5,-1
1955-03-21,-18.8,-2.7,0.0,0.0,0.5,-1
1955-03-22,-12.7,-2.2,0.4,0.5,0.5,-1
1955-03-23,-3.8,0.5,0.0,0.6,0.5,-1
1955-03-24,-11.6,0.5,0.0,0.4,0.5,-1
1955-03-25,-8.8,-6.6,0.0,0.4,0.5,-1
1955-03-26,-21.0,-3.3,0.0,0.5,0.5,-1
1955-03-27,-17.7,-12.7,0.0,1.2,0.5,-1
1955-03-28,-14.4,-7.2,0.0,0.8,0.5,-1
1955-03-29,-17.2,5.5,0.0,0.0,0.5,-1
1955-03-30,-11.0,7.7,0.0,0.0,0.5,-1
1955-03-31,-9.9,12.2,0.0,0.0,0.5,-1
1955-04-01,-5.5,7.2,0.0,0.0,0.5,-1
1955-04-02,-4.9,3.3,0.0,0.0,0.5,-1
1955-04-03,-7.2,6.6,0.0,0.0,0.5,-1
1955-04-04,-6.1,11.6,0.0,0.0,0.5,-1
1955-04-05,-6.6,12.2,0.0,0.0,0.5,-1
1955-04-06,-1.1,4.4,0.0,0.0,0.5,-1
1955-04-07,-7.2,-2.2,0.1,0.0,0.5,-1
1955-04-08,-12.7,0.5,0.0,0.0,0.5,-1
1955-04-09,-12.7,7.7,0.0,0.0,0.5,-1
1955-04-10,-4.9,13.3,0.0,0.0,0.5,-1
1955-04-11,-2.7,8.3,0.0,0.0,0.5,-1
1955-04-12,-1.6,11.6,0.0,0.0,0.5,-1
1955-04-13,0.5,8.8,0.4,0.0,0.5,-1
1955-04-14,2.7,9.4,1.4,0.0,0.5,-1
1955-04-15,4.4,7.2,0.6,0.0,0.5,-1
1955-04-16,-2.2,7.7,0.3,0.0,0.5,-1
1955-04-17,0.0,12.7,0.7,0.0,0.5,-1
1955-04-18,-2.2,13.3,0.1,0.0,0.5,-1
1955-04-19,-1.1,12.2,0.2,0.0,0.5,-1
1955-04-20,-2.7,12.7,0.1,0.0,0.5,-1
1955-04-21,1.6,6.6,0.1,0.0,0.5,-1
1955-04-22,1.1,8.3,0.2,0.0,0.5,-1
1955-04-23,3.3,13.3,0.4,0.0,0.5,-1
1955-04-24,3.3,9.9,0.0,0.0,0.5,-1
1955-04-25,2.7,9.4,0.0,0.0,0.5,-1
1955-04-26,3.8,10.5,0.0,0.0,0.5,-1
1955-04-27,-2.2,17.7,0.0,0.0,0.5,-1
1955-04-28,-4.4,18.3,0.0,0.0,0.5,-1
1955-04-29,0.5,19.9,0.0,0.0,0.5,-1
1955-04-30,3.8,12.2,0.2,0.0,0.5,-1
1955-05-01,1.6,19.4,0.0,0.0,0.5,-1
1955-05-02,3.8,17.2,0.1,0.0,0.5,-1
1955-05-03,8.3,18.8,0.0,0.0,0.5,-1
1955-05-04,5.5,25.5,2.1,0.0,0.5,-1
1955-05-05,8.3,20.5,0.0,0.0,0.5,-1
1955-05-06,5.5,8.8,0.0,0.0,0.5,-1
1955-05-07,-3.3,9.4,0.1,0.0,0.5,-1
1955-05-08,0.0,11.0,0.0,0.0,0.5,-1
1955-05-09,-2.2,7.2,0.0,0.0,0.5,-1
1955-05-10,-6.1,12.7,0.0,0.0,0.5,-1
1955-05-11,-0.5,13.8,0.2,0.0,0.5,-1
1955-05-12,-2.2,16.6,0.1,0.0,0.5,-1
1955-05-13,2.7,15.5,0.2,0.0,0.5,-1
1955-05-14,-1.1,16.0,0.0,0.0,0.5,-1
1955-05-15,0.0,13.3,0.0,0.0,0.5,-1
1955-05-16,1.1,7.2,0.1,0.0,0.5,-1
1955-05-17,0.0,12.2,0.0,0.0,0.5,-1
1955-05-18,2.7,18.3,0.0,0.0,0.5,-1
1955-05-19,-1.1,12.2,0.2,0.0,0.5,-1
1955-05-20,1.1,17.2,0.0,0.0,0.5,-1
1955-05-21,-1.1,23.8,0.0,0.0,0.5,-1
1955-05-22,5.5,28.3,0.1,0.0,0.5,-1
1955-05-23,14.4,17.7,1.9,0.0,0.5,-1
1955-05-24,14.4,22.1,1.4,0.0,0.5,-1
1955-05-25,11.6,12.2,0.0,0.0,0.5,-1
1955-05-26,5.5,18.8,0.0,0.0,0.5,-1
1955-05-27,3.3,21.0,0.1,0.0,0.5,-1
1955-05-28,8.3,24.4,0.4,0.0,0.5,-1
1955-05-29,16.0,22.7,0.8,0.0,0.5,-1
1955-05-30,12.2,18.3,0.2,0.0,0.5,-1
1955-05-31,8.8,16.0,0.0,0.0,0.5,-1
1955-06-01,9.9,17.2,0.0,0.0,0.5,-1
1955-06-02,4.4,22.7,0.0,0.0,0.5,-1
1955-06-03,6.1,27.1,0.0,0.0,0.5,-1
1955-06-04,8.3,27.7,0.0,0.0,0.5,-1
1955-06-05,13.3,29.9,0.0,0.0,0.5,-1
1955-06-06,12.2,31.6,0.0,0.0,0.5,-1
1955-06-07,17.2,29.9,0.4,0.0,0.5,-1
1955-06-08,11.6,23.3,0.0,0.0,0.5,-1
1955-06-09,7.2,26.0,0.3,0.0,0.5,-1
1955-06-10,4.9,24.9,0.3,0.0,0.5,-1
1955-06-11,12.2,22.1,1.7,0.0,0.5,-1
1955-06-12,13.3,15.5,0.7,0.0,0.5,-1
1955-06-13,13.3,16.0,0.4,0.0,0.5,-1
1955-06-14,10.5,22.7,0.0,0.0,0.5,-1
1955-06-15,8.3,25.5,0.1,0.0,0.5,-1
1955-06-16,12.2,27.7,0.1,0.0,0.5,-1
1955-06-17,11.0,31.0,0.0,0.0,0.5,-1
1955-06-18,12.7,28.8,0.0,0.0,0.5,-1
1955-06-19,15.5,28.3,0.0,0.0,0.5,-1
1955-06-20,16.0,27.7,0.3,0.0,0.5,-1
1955-06-21,12.7,24.9,2.4,0.0,0.5,-1
1955-06-22,11.6,19.9,1.2,0.0,0.5,-1
1955-06-23,12.2,13.3,0.4,0.0,0.5,-1
1955-06-24,11.0,16.0,0.1,0.0,0.5,-1
1955-06-25,7.7,17.2,0.4,0.0,0.5,-1
1955-06-26,9.9,21.0,0.1,0.0,0.5,-1
1955-06-27,7.2,26.0,0.0,0.0,0.5,-1
1955-06-28,10.5,28.3,0.0,0.0,0.5,-1
1955-06-29,16.0,27.1,0.1,0.0,0.5,-1
1955-06-30,16.6,26.0,0.3,0.0,0.5,-1
1955-07-01,17.2,27.7,1.3,0.0,0.5,-1
1955-07-02,17.7,25.5,0.1,0.0,0.5,-1
1955-07-03,13.3,26.0,0.1,0.0,0.5,-1
1955-07-04,15.5,28.8,1.0,0.0,0.5,-1
1955-07-05,17.2,22.7,0.0,0.0,0.5,-1
1955-07-06,9.4,27.1,0.0,0.0,0.5,-1
1955-07-07,11.0,29.4,0.0,0.0,0.5,-1
1955-07-08,15.5,31.0,0.0,0.0,0.5,-1
1955-07-09,19.4,32.1,0.0,0.0,0.5,-1
1955-07-10,18.3,23.8,0.0,0.0,0.5,-1
1955-07-11,8.3,19.9,0.0,0.0,0.5,-1
1955-07-12,3.3,24.4,0.0,0.0,0.5,-1
1955-07-13,7.7,26.6,0.0,0.0,0.5,-1
1955-07-14,12.2,31.0,0.1,0.0,0.5,-1
1955-07-15,17.7,29.4,2.9,0.0,0.5,-1
1955-07-16,17.2,22.1,0.8,0.0,0.5,-1
1955-07-17,18.3,27.1,0.1,0.0,0.5,-1
1955-07-18,18.3,21.6,0.0,0.0,0.5,-1
1955-07-19,7.2,23.8,0.0,0.0,0.5,-1
1955-07-20,7.7,28.8,0.0,0.0,0.5,-1
1955-07-21,12.7,32.1,0.0,0.0,0.5,-1
1955-07-22,19.9,29.4,0.5,0.0,0.5,-1
1955-07-23,20.5,27.7,0.6,0.0,0.5,-1
1955-07-24,6.6,22.1,0.0,0.0,0.5,-1
1955-07-25,7.7,24.9,0.0,0.0,0.5,-1
1955-07-26,12.7,28.3,1.8,0.0,0.5,-1
1955-07-27,11.0,21.0,0.1,0.0,0.5,-1
1955-07-28,4.4,22.7,0.0,0.0,0.5,-1
1955-07-29,7.7,26.6,0.0,0.0,0.5,-1
1955-07-30,11.6,31.0,0.0,0.0,0.5,-1
1955-07-31,13.8,32.1,0.8,0.0,0.5,-1
1955-08-01,16.6,28.8,0.0,0.0,0.5,-1
1955-08-02,13.3,27.1,0.0,0.0,0.5,-1
1955-08-03,10.5,31.0,0.0,0.0,0.5,-1
1955-08-04,14.4,32.1,0.0,0.0,0.5,-1
1955-08-05,19.9,23.3,3.2,0.0,0.5,-1
1955-08-06,11.6,27.1,1.3,0.0,0.5,-1
1955-08-07,13.8,17.7,0.1,0.0,0.5,-1
1955-08-08,2.7,21.0,0.0,0.0,0.5,-1
1955-08-09,4.9,23.8,0.0,0.0,0.5,-1
1955-08-10,12.7,22.1,0.9,0.0,0.5,-1
1955-08-11,15.5,24.9,0.0,0.0,0.5,-1
1955-08-12,7.2,23.3,0.0,0.0,0.5,-1
1955-08-13,9.9,23.3,0.2,0.0,0.5,-1
1955-08-14,12.2,27.7,0.1,0.0,0.5,-1
1955-08-15,17.7,22.1,0.0,0.0,0.5,-1
1955-08-16,17.2,25.5,0.0,0.0,0.5,-1
1955-08-17,17.2,28.8,0.0,0.0,0.5,-1
1955-08-18,16.0,29.9,0.0,0.0,0.5,-1
1955-08-19,13.3,32.1,0.1,0.0,0.5,-1
1955-08-20,14.9,28.3,2.1,0.0,0.5,-1
1955-08-21,17.7,26.6,0.1,0.0,0.5,-1
1955-08-22,16.0,16.6,0.0,0.0,0.5,-1
1955-08-23,7.7,18.8,0.0,0.0,0.5,-1
1955-08-24,3.3,21.6,0.0,0.0,0.5,-1
1955-08-25,6.1,22.7,0.0,0.0,0.5,-1
1955-08-26,9.9,23.3,0.0,0.0,0.5,-1
1955-08-27,11.6,18.3,0.0,0.0,0.5,-1
1955-08-28,2.7,20.5,0.0,0.0,0.5,-1
1955-08-29,1.6,22.1,1.7,0.0,0.5,-1
1955-08-30,6.1,22.7,0.8,0.0,0.5,-1
1955-08-31,12.7,16.6,0.3,0.0,0.5,-1
1955-09-01,9.4,15.5,0.0,0.0,0.5,-1
1955-09-02,10.5,21.6,0.0,0.0,0.5,-1
1955-09-03,4.4,23.8,0.0,0.0,0.5,-1
1955-09-04,7.2,24.4,0.4,0.0,0.5,-1
1955-09-05,12.7,17.7,0.2,0.0,0.5,-1
1955-09-06,0.0,18.8,0.4,0.0,0.5,-1
1955-09-07,4.9,11.6,0.1,0.0,0.5,-1
1955-09-08,3.8,12.7,0.0,0.0,0.5,-1
1955-09-09,-1.6,16.0,0.5,0.0,0.5,-1
1955-09-10,2.7,23.3,0.6,0.0,0.5,-1
1955-09-11,7.2,15.5,0.1,0.0,0.5,-1
1955-09-12,2.7,10.5,0.0,0.0,0.5,-1
1955-09-13,-2.2,12.7,0.0,0.0,0.5,-1
1955-09-14,-1.6,16.6,1.0,0.0,0.5,-1
1955-09-15,6.1,13.3,0.2,0.0,0.5,-1
1955-09-16,0.0,13.8,0.0,0.0,0.5,-1
1955-09-17,2.2,27.7,0.1,0.0,0.5,-1
1955-09-18,12.7,19.4,0.1,0.0,0.5,-1
1955-09-19,11.6,23.3,0.3,0.0,0.5,-1
1955-09-20,9.9,13.3,0.2,0.0,0.5,-1
1955-09-21,2.7,10.5,0.0,0.0,0.5,-1
1955-09-22,-2.2,13.8,0.0,0.0,0.5,-1
1955-09-23,-3.8,16.0,0.0,0.0,0.5,-1
1955-09-24,-0.5,14.4,0.1,0.0,0.5,-1
1955-09-25,3.8,10.5,0.0,0.0,0.5,-1
1955-09-26,-0.5,16.0,0.0,0.0,0.5,-1
1955-09-27,0.5,13.8,1.0,0.0,0.5,-1
1955-09-28,3.8,13.8,0.1,0.0,0.5,-1
1955-09-29,-0.5,17.2,0.3,0.0,0.5,-1
1955-09-30,6.1,15.5,1.3,0.0,0.5,-1
1955-10-01,1.1,8.3,0.0,0.0,0.5,-1
1955-10-02,-2.2,12.2,0.1,0.0,0.5,-1
1955-10-03,-0.5,10.5,0.5,0.0,0.5,-1
1955-10-04,0.5,8.3,0.7,0.0,0.5,-1
1955-10-05,2.7,10.5,0.0,0.0,0.5,-1
1955-10-06,3.3,10.5,0.3,0.0,0.5,-1
1955-10-07,6.6,19.4,0.9,0.0,0.5,-1
1955-10-08,6.1,8.3,0.7,0.0,0.5,-1
1955-10-09,4.4,16.6,0.0,0.0,0.5,-1
1955-10-10,6.6,21.0,0.0,0.0,0.5,-1
1955-10-11,3.3,18.8,0.0,0.0,0.5,-1
1955-10-12,2.7,17.2,0.1,0.0,0.5,-1
1955-10-13,6.6,16.0,1.3,0.0,0.5,-1
1955-10-14,8.8,12.7,0.6,0.0,0.5,-1
1955-10-15,6.1,12.2,1.2,0.0,0.5,-1
1955-10-16,4.4,16.0,0.1,0.0,0.5,-1
1955-10-17,6.6,8.3,0.0,0.0,0.5,-1
1955-10-18,3.3,10.5,0.0,0.0,0.5,-1
1955-10-19,3.3,7.2,0.0,0.0,0.5,-1
1955-10-20,3.3,6.6,0.5,0.0,0.5,-1
1955-10-21,0.0,2.7,0.0,0.0,0.5,-1
1955-10-22,-1.6,7.2,0.0,0.0,0.5,-1
1955-10-23,-1.6,12.7,0.6,0.0,0.5,-1
1955-10-24,1.1,13.3,1.2,0.2,0.5,-1
1955-10-25,-5.5,-1.6,0.0,0.2,0.5,-1
1955-10-26,-6.1,1.1,0.0,0.1,0.5,-1
1955-10-27,-1.6,3.8,0.0,0.0,0.5,-1
1955-10-28,0.5,12.7,0.0,0.0,0.5,-1
1955-10-29,1.6,16.6,0.3,0.0,0.5,-1
1955-10-30,2.7,11.0,1.4,0.0,0.5,-1
1955-10-31,6.6,10.5,0.6,0.0,0.5,-1
1955-11-01,-3.3,11.0,0.1,0.0,0.5,-1
1955-11-02,-0.5,7.2,0.9,0.0,0.5,-1
1955-11-03,6.1,10.5,0.8,0.0,0.5,-1
1955-11-04,-0.5,0.0,0.0,0.0,0.5,-1
1955-11-05,-2.2,2.2,0.0,0.0,0.5,-1
1955-11-06,-2.2,4.4,0.0,0.0,0.5,-1
1955-11-07,1.1,3.3,0.1,0.0,0.5,-1
1955-11-08,-1.6,2.2,0.2,0.1,0.5,-1
1955-11-09,-1.6,1.6,0.0,0.1,0.5,-1
1955-11-10,-2.2,2.7,0.1,0.0,0.5,-1
1955-11-11,-1.6,4.9,0.1,0.0,0.5,-1
1955-11-12,2.2,6.6,0.0,0.0,0.5,-1
1955-11-13,-1.1,4.4,0.3,0.1,0.5,-1
1955-11-14,-2.7,2.2,0.0,0.0,0.5,-1
1955-11-15,-5.5,-2.7,0.0,0.0,0.5,-1
1955-11-16,-6.6,2.2,0.5,0.1,0.5,-1
1955-11-17,-6.1,-2.2,0.0,0.6,0.5,-1
1955-11-18,-6.1,-2.7,0.0,0.2,0.5,-1
1955-11-19,-7.7,-6.1,0.0,0.1,0.5,-1
1955-11-20,-9.4,-5.5,0.0,0.4,0.5,-1
1955-11-21,-8.8,-3.8,0.0,0.9,0.5,-1
1955-11-22,-8.8,-2.7,0.0,0.0,0.5,-1
1955-11-23,-12.7,2.2,0.2,0.2,0.5,-1
1955-11-24,-12.2,-2.7,0.0,0.4,0.5,-1
1955-11-25,-8.3,-6.1,0.0,0.0,0.5,-1
1955-11-26,-8.3,-4.9,0.0,0.1,0.5,-1
1955-11-27,-12.2,-2.7,0.0,0.2,0.5,-1
1955-11-28,-12.2,-1.1,0.0,0.7,0.5,-1
1955-11-29,-8.3,-3.8,0.0,1.4,0.5,-1
1955-11-30,-9.4,-4.4,0.0,0.3,0.5,-1
1955-12-01,-15.5,-7.2,0.0,0.1,0.5,-1
1955-12-02,-13.3,-2.2,0.0,0.7,0.5,-1
1955-12-03,-6.6,-3.3,0.0,0.1,0.5,-1
1955-12-04,-13.3,-1.6,0.0,1.7,0.5,-1
1955-12-05,-10.5,-9.4,0.0,0.0,0.5,-1
1955-12-06,-12.2,-11.0,0.0,0.0,0.5,-1
1955-12-07,-22.1,-8.8,0.0,0.1,0.5,-1
1955-12-08,-18.3,-7.2,0.0,0.3,0.5,-1
1955-12-09,-18.3,-7.7,0.0,0.1,0.5,-1
1955-12-10,-17.7,-12.2,0.0,0.7,0.5,-1
1955-12-11,-16.0,-5.5,0.0,0.3,0.5,-1
1955-12-12,-12.7,-3.8,0.0,0.2,0.5,-1
1955-12-13,-10.5,-5.5,0.0,0.4,0.5,-1
1955-12-14,-13.8,-2.2,0.0,0.3,0.5,-1
1955-12-15,-7.2,-6.1,0.0,0.5,0.5,-1
1955-12-16,-16.6,-11.0,0.0,0.3,0.5,-1
1955-12-17,-22.1,-5.5,0.0,0.5,0.5,-1
1955-12-18,-17.7,-13.8,0.0,0.1,0.5,-1
1955-12-19,-23.3,-16.0,0.0,0.0,0.5,-1
1955-12-20,-31.6,-22.7,0.0,0.0,0.5,-1
1955-12-21,-33.2,-24.4,0.0,0.0,0.5,-1
1955-12-22,-34.4,-21.0,0.0,0.0,0.5,-1
1955-12-23,-32.7,-18.3,0.0,0.2,0.5,-1
1955-12-24,-30.5,-2.7,0.0,0.3,0.5,-1
1955-12-25,-16.0,-11.6,0.0,0.1,0.5,-1
1955-12-26,-17.7,-13.3,0.0,0.1,0.5,-1
1955-12-27,-15.5,-10.5,0.0,0.0,0.5,-1
1955-12-28,-21.0,-8.3,0.0,0.1,0.5,-1
1955-12-29,-19.9,-7.7,0.0,0.8,0.5,-1
1955-12-30,-19.4,-16.0,0.0,0.1,0.5,-1
1955-12-31,-21.6,-17.7,0.0,0.1,0.5,-1
