,Qtotal
0,1.9629363906523516
1,17.156830180921993
2,100.48134457174929
3,169.00091450091355
4,142.83731623718
5,74.4671433289979
6,29.25594216199928
7,15.525712366992117
8,4.24037145435026
9,17.655702748640678
10,1.969705281000032
11,1.8432860866488392
12,102.88462298256184
13,38.32752461954614
14,19.30660672276692
15,11.801741425487627
16,33.771933339135636
17,22.466270393873504
18,1.837043501503487
19,11.87358399975376
20,6.769511323845228
21,11.82135537918879
22,1.6256613367451458
23,16.864699108952884
24,82.75529249754545
25,1.6320866174553335
26,1.6200808409130152
27,1.6081633573848861
28,6.665777993121306
29,1.5845907758437188
30,11.71182326804316
31,11.700252592431779
32,16.758211508366877
33,1.5384771223029214
34,1.5271599295633114
35,16.72425931889012
36,6.5742191279663444
37,1.49370542116059
38,6.552162019563705
39,16.68014388526172
40,6.530428232414632
41,11.58912553639093
42,1.439568550055177
43,1.428978944916933
44,26.765689456863214
45,31.8246995181412
46,6.466752579542689
47,1.3723658047487357
48,77.41626353322388
49,1.353166196346107
50,1.3570010576842615
51,1.347018818678092
52,16.54544335559469
53,21.60505188553678
54,1.3175105439189925
55,1.3078188288833539
56,1.2981983882149615
57,1.2886487022995763
58,21.556947058609186
59,11.408648475215532
60,1.230317350812731
61,1.2511473490204004
62,31.658610442125006
63,16.441141251589276
64,1.2237392584858968
65,1.2147373063368307
66,51.90024604553101
67,6.235608729030184
68,11.327015740278169
69,11.318275766678621
70,1.170711190787435
71,1.162099321795916
72,1.1535508056756614
73,11.283954069597662
74,1.1366419630876807
75,1.128280723348498
76,1.1199809844017699
77,1.1117422724800803
78,1.1035641935719478
79,1.0954462804809004
80,1.0873880692597313
81,50.65205170354458
82,-0.2478889966168203
83,0.2866807421103107
84,1.0557436627009182
85,122.65815184044907
86,5.889271452586789
87,0.9523677008845571
88,1.0136566329829155
89,1.017479984256597
90,26.020007259273257
91,20.350743086914374
92,34.83718470040985
93,40.25957094446522
94,-1.2257392945372854
95,0.9448906067956746
96,6.035673811171275
97,16.08142649420646
98,0.6409155697786266
99,0.9450627929412576
100,40.54365720110549
101,16.00545426259007
102,0.6287569167046461
103,0.20127626592212333
104,0.13352694816261557
105,5.421690104186173
106,18.082355997039663
107,181.417233045944
108,581.5182602643994
109,648.3835491522394
110,499.72578322091783
111,350.08493372037975
112,270.620435507365
113,199.1102674159885
114,198.59003907162088
115,232.3285108344353
116,252.5484660648108
117,236.16023811527677
118,185.56009531504253
119,205.81035207050297
120,306.6943398080007
121,363.4247153687138
122,330.69798930377266
123,349.4753452860408
124,517.9284030642362
125,719.3241343996576
126,609.7162264276542
127,389.7450615215555
128,373.4260264313627
129,381.07966187473744
130,288.1830048527207
131,264.1885576216119
132,158.92907366426832
133,126.19873087757979
134,65.84411292580609
135,30.437879490294247
136,10.489179712955892
137,2.7037771660992997
138,0.3957304742906027
139,-0.27819517878786026
140,-1.2989298946296883
141,-1.1198489113408252
142,-3.767481902278722
143,-3.5285536725501365
144,-4.165479908904129
145,-4.370132767574784
146,362.7484126653015
147,298.8784196804969
148,178.2352648955026
149,65.97641226211105
150,129.6553097737313
151,93.99147175201655
152,53.926986631845686
153,16.715913460741465
154,10.201295979992054
155,0.462111995442835
156,25.72604894612478
157,66.40695889599064
158,74.19465669819638
159,46.21653983500326
160,67.44795363702112
161,41.51502327845486
162,19.99234298642132
163,9.049178348216532
164,-2.14269461316621
165,-3.7933297232208556
166,465.86924202080866
167,462.6013654219228
168,285.3810697325465
169,123.7933864789649
170,242.43316694641703
171,174.8149043387591
172,197.00203782911169
173,247.95197980425206
174,158.27851397245297
175,77.81346798806999
176,26.62761068572451
177,45.230321388627345
178,43.15341205539827
179,38.27409984837721
180,82.60907579798975
181,55.11689183733915
182,70.14982244378531
183,38.18930421052322
184,17.211145299288887
185,32.106859384132214
186,46.11761204500001
187,42.33440584727087
188,19.53923167358824
189,6.263521921960013
190,-0.9763953993037982
191,-3.886232215485234
192,-5.397344733074799
193,173.8187222539196
194,139.65230032123836
195,84.84731035427828
196,56.37987131927607
197,63.37993505963516
198,65.05680255289118
199,36.051880721166526
200,15.684178197359408
201,3.9049948813622115
202,-2.0414073676380586
203,83.31589421307834
204,860.3559757297999
205,715.4388752550424
206,410.1019717133245
207,162.8745075229252
208,126.55450392664588
209,71.43992879858473
210,36.65500951251768
211,12.143913454262384
212,18.993980708459294
213,134.14689323411554
214,166.93254829934597
215,159.1484357536024
216,88.69046897157553
217,39.73325276136092
218,12.144841204523447
219,1.5802554935627748
220,1.5360418096426147
221,-3.4318055301552666
222,-3.00136159934515
223,-1.3217850099983166
224,-2.599655767536051
225,-1.446459288428878
226,30.907528045845545
227,40.10352925346564
228,184.202955905044
229,161.77358815222144
230,172.8444053721339
231,108.8998893548967
232,54.07826490300482
233,27.896650276435594
234,40.874962066454856
235,47.722533992629735
236,118.08329376433812
237,95.64982532672016
238,295.4649128215281
239,240.1219573834639
240,134.93898378187822
241,55.90762764319441
242,27.33264656912434
243,9.685654636094668
244,4.8447360267010176
245,107.47742775597173
246,118.46036406195688
247,84.99641199276044
248,42.43096420361445
249,15.711600207879439
250,5.719699727756879
251,1.861606121555203
252,-0.3989792629837714
253,-0.5691609303796521
254,0.1321650841536847
255,0.30261305664546473
256,93.55251165888572
257,107.6347217305007
258,69.40153837054748
259,32.95059849975617
260,71.29442780349962
261,51.45855936205804
262,53.39565285888465
263,31.319531407161584
264,122.14385521177684
265,184.31604689524366
266,129.61428888347223
267,67.98878802288976
268,26.424034001774025
269,8.629006643496718
270,2.625885655519574
271,0.8749773882095229
272,0.4107641575350702
273,0.29545081610943164
274,12.128433578598397
275,7.524168499230154
276,5.244466770817357
277,2.521942192082162
278,0.986480391017074
279,0.4585782424630017
280,12.164931397731694
281,21.848605877695
282,63.05304725047637
283,90.9088573501926
284,329.5114834996117
285,286.1152517695854
286,168.21631435286278
287,70.55486219491429
288,165.84774886999415
289,124.37083857320307
290,82.13845224153346
291,85.07931821220217
292,131.7830249823444
293,88.07718896503286
294,81.63425914987698
295,35.2977651912928
296,64.07857986875139
297,73.4071899089423
298,48.36928405293667
299,24.564757328548964
300,48.578444702393384
301,63.92992926193866
302,46.64542761573506
303,21.77940286667538
304,19.78654312598537
305,12.278565183011185
306,6.526691201422322
307,63.45406021567661
308,41.39102097480821
309,41.423898749502754
310,56.30438589283064
311,170.46162570982983
312,251.91998129583385
313,218.51940505960872
314,116.19753688810894
315,44.78800885474307
316,34.61997019890544
317,14.292929779290656
318,46.517401237978945
319,272.6787492967319
320,279.01121412950664
321,160.14924150697408
322,133.47884287742252
323,111.99387440253494
324,36.94993045628351
325,9.928110096633823
326,3.24279327872757
327,6.0957147969838195
328,20.668718488259007
329,10.360093610523117
330,16.631663822635616
331,53.840887013216864
332,20.93210505242068
333,4.406488188956715
334,11.6784750242411
335,25.902222262494007
336,98.69853526878406
337,54.02298796973489
338,31.624626310339938
339,12.715369816804396
340,9.29396129076844
341,21.589451063143116
342,0.42096379832545217
343,0.22835202207833838
344,20.449272739896898
345,15.191080962875757
346,0.15256328610960815
347,0.1514410225643851
348,0.15032698954276646
349,25.496443400069623
350,5.217567946709646
351,0.14703387802245832
352,10.284841186128803
353,5.2143230949712205
354,35.62992401649144
355,0.14275500423830434
356,30.55837155662855
357,20.418440258124228
358,0.10763416367383652
359,0.13860065225199406
360,35.623692208034846
361,10.275457912413005
362,5.20500884732085
363,10.273456069608763
364,0.13357730319292763
365,5.20203913578853
366,30.548285984254047
367,60.96398443708834
368,5.0188100856704745
369,0.12873599804362057
370,0.12778900272752813
371,0.12684898594209662
372,0.12591587142889765
373,5.194434078719657
374,0.1240701989668336
375,20.400935293621465
376,0.06336735395791415
377,0.12135226030880308
378,30.53712625705937
379,40.67512903320334
380,0.06329666536947944
381,15.326154091402024
382,0.11695405656766497
383,5.1855381673433705
384,96.43468418052561
385,0.02538049737344933
386,10.252439431265838
387,35.59882635536582
388,25.459108332729038
389,5.18050751530829
390,0.11024605538581587
391,0.10943509640419519
392,0.1086300736583841
393,0.10783096915444246
394,0.10703776521827353
395,15.314583726854384
396,76.14713545271577
397,5.174137396004357
398,0.10392282266319605
399,5.1726028022074555
400,10.241288404458292
401,45.72664625509615
402,15.309231868991855
403,0.1001563168710877
404,0.09941955864548117
405,55.86257711007713
406,20.375740042776382
407,15.30557495871363
408,5.1659707588282515
409,0.09581626788759204
410,0.09511142205432169
411,0.09441176430100054
412,5.16316172676912
413,0.09302788764203526
414,25.43956579072627
415,5.1611087069077906
416,5.160434428247252
417,4.915340665424719
418,0.08965623578170284
419,0.08899671987006617
420,0.08834206177418523
421,40.643247756203905
422,15.213529464512595
423,0.08640680562527533
424,45.71077117681564
425,20.3629180093835
426,40.640069491473035
427,5.1533367003679675
428,0.08327513255921029
429,0.0826625579791165
430,0.08205447361078545
431,0.08145087209737085
432,0.08085172083751137
433,0.08025696198355325
434,0.07966658889811977
435,0.07908054420791535
436,0.07849882174643198
437,0.07792139009389021
438,25.394635058702733
439,4.487363170628641
440,-0.03267786982959013
441,0.07565377282860024
442,100.58490840260426
443,5.061736037140868
444,5.082982520041466
445,30.490118817086305
446,0.07291183230756111
447,35.50881570804306
448,10.164968612364998
449,0.07131459464465108
450,15.279123316631976
451,0.07026924639620401
452,50.45126132397867
453,122.75870951057838
454,192.36722254701442
455,305.7652205559101
456,261.43782464957644
457,253.36710292126554
458,135.99678460533127
459,143.2104029817264
460,231.93615008158426
461,347.74073585000474
462,416.83756055998725
463,513.0842030517765
464,562.2121410843464
465,581.2867152559988
466,694.2145475858362
467,621.147054143646
468,520.9185781011337
469,373.2685539094196
470,209.37651182238997
471,144.34444303137278
472,142.76144206354516
473,100.08446067538551
474,54.88689472959435
475,57.810919358092555
476,281.8697533805863
477,305.622207693248
478,306.67313489993273
479,331.58184409473006
480,391.9314458669884
481,467.4661637960581
482,545.93270881521
483,636.7349667599673
484,528.5039542085367
485,279.2423196564941
486,109.58752335114214
487,35.53228857155791
488,10.785081053899015
489,2.8496342201798877
490,8.345653974599456
491,34.92383225812334
492,115.66427796671167
493,87.14259710246246
494,48.41282388042041
495,18.917302123722436
496,5.28022702136448
497,-0.14455382027698604
498,-3.479844868618693
499,2.738244177741275
500,5.585126795714792
501,1.54838912515722
502,-2.381479743947391
503,-4.221669893875295
504,-4.106424794779668
505,69.35395592135069
506,58.1981393611764
507,30.36500683928864
508,9.511923857122534
509,-1.0255506803765693
510,-3.4791171790327517
511,95.58027543581798
512,78.81551936584019
513,46.84385710019532
514,19.891740640072104
515,2.520526471615094
516,2.1151315022220993
517,-3.8483079265031392
518,189.8833048243165
519,153.58410075576853
520,87.64758216500239
521,32.677214442076895
522,8.608193320721165
523,-0.13433634092557023
524,-3.6715857954092557
525,141.87244297995682
526,155.24877752135887
527,94.85928490224656
528,58.583665791872036
529,63.48303091702536
530,36.17709314445394
531,221.22424134206
532,209.5496692942715
533,172.93492914820916
534,102.25592881657391
535,210.35823413416364
536,175.3661315552936
537,116.36204349923047
538,126.85222915442984
539,220.91464552599734
540,151.93787047097322
541,120.88950137525168
542,75.6208777890051
543,38.69336968104458
544,10.34579566152113
545,16.488102875734533
546,152.5809589207533
547,204.34690973238708
548,137.24165232418235
549,199.170159370798
550,179.92928672057968
551,104.12253515934194
552,43.78635834531776
553,71.50322397018019
554,154.50422245231775
555,111.82162049972823
556,56.125962019060246
557,19.695085548887448
558,2.609161863935242
559,1.1174020421470248
560,11.85997669275626
561,9.185035540339575
562,1.0800978990921406
563,64.72187513210764
564,99.0155548259163
565,69.30295695037921
566,60.4621371041579
567,45.215197077416484
568,22.39008441919168
569,7.202653195144125
570,96.27490869906472
571,71.53591266282903
572,40.51610790180132
573,14.157748586144193
574,8.896303579787567
575,111.1482334514993
576,161.11782806069962
577,123.92445803263917
578,328.9286650332132
579,307.8419669340593
580,185.061172244397
581,80.83205111514368
582,26.606851566196582
583,5.535516636009254
584,75.96435964529081
585,99.27590555720334
586,62.82153119472024
587,30.317944927767602
588,8.732855549198286
589,1.1449960347006338
590,-0.8362121605613722
591,-2.211004580738278
592,-2.8923059931584034
593,-1.7310101432386136
594,-1.2315357790477643
595,8.32272912888839
596,25.355643806248427
597,478.9189134390759
598,492.5995780036254
599,318.99007809804766
600,145.55269327479897
601,52.05049761079686
602,14.936455840948508
603,3.1894092495184063
604,-0.07773452010562565
605,5.043971751652016
606,55.07000151069265
607,168.06257914698057
608,137.32043221919838
609,77.855017431462
610,31.000423009635337
611,10.010650639146508
612,3.0739539590560416
613,254.98262486133723
614,211.6818139646168
615,123.36943689833755
616,48.288629288064435
617,75.24111876433963
618,76.89371586880864
619,48.28974483306885
620,335.26472719934327
621,277.86449315482406
622,241.04586544407817
623,164.17428508141597
624,192.2183789154665
625,135.66161844740412
626,73.16728778433449
627,29.726086193232188
628,163.37273330260936
629,256.9161873949225
630,178.20291054348883
631,114.63206018920977
632,74.51805145745614
633,274.2122955417281
634,272.638208510224
635,178.43880610982407
636,81.69255877935821
637,42.625274443856384
638,114.29184190339268
639,97.8789640216026
640,117.33269328600255
641,436.1193554067303
642,486.4309566197543
643,313.03863355806425
644,276.1495953374539
645,219.4865634276972
646,128.81122133771422
647,57.53521451696995
648,20.451023323072743
649,6.214673780403641
650,1.7025918280619663
651,0.43612649916651036
652,0.11395101140321691
653,0.038080739907172825
654,35.6078697015811
655,29.196285704124175
656,111.97044885629552
657,84.63565159233428
658,47.68800203803527
659,18.785560197829263
660,203.39810125587897
661,504.4083776111025
662,387.75097924661225
663,211.6442716977365
664,83.04398252017572
665,36.42179475476234
666,33.96924254140526
667,117.06498207047366
668,107.54147486922278
669,66.65901055881847
670,94.00123059170045
671,34.82576650083472
672,28.12822742643769
673,36.23305466093387
674,30.611076805960998
675,86.23624166155419
676,15.230892681027903
677,0.013909286691639591
678,5.082593208439541
679,0.013052038537820982
680,15.221289376860149
681,237.6649728574513
682,490.4041611773487
683,536.1120667123067
684,359.81996894594096
685,187.55020504563566
686,58.48142689515961
687,44.19198739652492
688,4.574695990369594
689,1.1548381211979983
690,16.786569745346718
691,16.91549148184519
692,1.1040509193959631
693,0.44449763939850273
694,20.429586516762807
695,10.190244254955205
696,40.57736511426258
697,0.013922477976754406
698,0.011918045578894183
699,45.08004941547642
700,70.50071149833686
701,85.16456255955707
702,186.4277427890066
703,334.5829130133793
704,373.82683147374394
705,273.36736862840485
706,143.41566555143325
707,80.4851253412154
708,42.30540721335707
709,22.135251361864867
710,1.9415593698265172
711,0.5128506116779938
712,5.199605345635578
713,0.03485894109772965
714,0.01433377308700513
715,15.218985280176238
716,5.0793764686476806
717,0.009858947624182634
718,55.77367531791667
719,30.426381105677457
720,25.31508623860573
721,5.079016499121155
722,5.07894607162698
723,0.00943173837155011
724,10.148251247871409
725,0.009293485268081296
726,10.148114002397339
727,25.356379487719526
728,0.009089886597148461
729,34.239291231097596
730,25.747021982561204
731,8.268889777442302
732,6.3515106039587135
733,5.490503562559432
734,5.195121737393887
735,5.108374332802953
736,0.015908872501402892
737,0.010195462725134684
738,0.00881668894020833
739,0.00838082467077306
740,0.008319181121999685
741,5.077702431349106
742,35.49430834982454
743,50.702581377711745
744,35.49418820390661
745,0.008017663092884078
746,25.355180914144775
747,0.007900150612853724
748,40.56339759155726
749,30.42445101161691
750,0.007727074342744134
751,65.91044802435027
752,5.0770582520416205
753,0.007557805341535541
754,5.07694665573883
755,20.285224800230683
756,10.144321655724767
757,-0.010361350698657592
758,0.007283882950709444
759,5.0766747552735865
760,0.007177129227235497
761,5.076568779716738
762,5.010143007764215
763,10.145908787806889
764,60.840301584211616
765,15.11825427239374
766,5.076310551058611
767,0.006815604872961464
768,10.145654360141773
769,20.284493480823777
770,40.562221853119844
771,5.076061722070052
772,0.006568589609142793
773,0.00652028185797843
774,0.00647230079010091
775,0.006424694787140016
776,0.0063774357914488464
777,5.075774965694854
778,10.049501839907379
779,25.353459963123886
780,25.353414066818164
781,5.075590752651343
782,10.144989967191103
783,15.21438953674543
784,20.283789433404177
785,5.075411876983345
786,5.07536797620554
787,10.144768839810933
788,0.005836713154348002
789,0.005793765149605345
790,0.0057511555610326205
791,0.005708856600574681
792,0.005666840497109706
793,65.90840293373245
794,25.332685729004385
795,10.138530077053572
796,20.27510809794219
797,0.005461459237352267
798,0.005421297112195169
799,30.422048068979407
800,55.76923071254616
801,0.005302533521529403
802,0.005263529783174919
803,0.005224810335427628
804,20.2829641508648
805,5.074592660406506
806,-0.0620304148837275
807,0.0050727593413083865
808,35.49114654139465
809,9.049291381195177
810,4.038268152076524
811,-0.015826707695448708
812,30.415458906018415
813,-0.03758159031780952
814,-0.06732855919062651
815,5.069083162320659
816,-0.03774501155546398
817,0.004711699841367408
818,0.004677053185054544
819,5.0740871035876305
820,59.69301836001364
821,74.30567520794328
822,103.70538772525889
823,157.21260008534244
824,140.78221139251272
825,236.51034677368307
826,117.9514033259867
827,125.88837886537073
828,168.84578997725632
829,193.19095236940166
830,309.821690934547
831,270.3210433907174
832,141.20564875715291
833,114.2894411510924
834,16.036565295272986
835,8.698707865415171
836,0.28079546811238176
837,49.49319473933183
838,225.56348562997027
839,455.5680423787554
840,500.7065750282829
841,474.16079163640893
842,544.2212937749624
843,496.37019328552225
844,399.7555279842217
845,405.764840602463
846,434.1892467122962
847,497.909332125166
848,637.875033357857
849,701.3421773283188
850,504.6144056068964
851,237.13298268354114
852,85.56978030903137
853,49.083960621360596
854,26.013138314023674
855,13.732199714512502
856,13.10219194873351
857,14.3841771181719
858,7.670528886683339
859,3.8045070219085417
860,1.30892506259489
861,180.4205229121216
862,387.3776832323535
863,325.6594681146212
864,201.1362137905736
865,363.943460854337
866,278.9610509114743
867,175.41314249012004
868,76.27027175222966
869,26.763692214783394
870,131.51750154522864
871,152.94280789157142
872,96.38742194403633
873,42.830709251940576
874,55.29812647239989
875,180.08101051883736
876,133.20639973632112
877,72.63452554740294
878,33.08267908630745
879,8.246994105159235
880,0.09997360561323987
881,2.5538035231464837
882,24.693399588344924
883,22.256539982988464
884,120.42985662636474
885,88.52100385561388
886,66.51876950176722
887,66.34563720893588
888,36.64376026111993
889,164.31463941049685
890,120.44118778481649
891,212.89707123879168
892,139.80748951380224
893,72.852767628539
894,24.853353629444854
895,3.65738504553772
896,-2.918184067275899
897,61.20307923662114
898,49.671383962694236
899,28.949225484410093
900,23.744535734880657
901,9.573085986112684
902,2.7403788747011095
903,-2.8883052715832687
904,-4.64781067532045
905,8.36429714890911
906,29.821827064682708
907,16.92140594297436
908,7.398117453609782
909,0.34597957511062116
910,-4.219030106769424
911,-5.344295487698296
912,-5.591207903428507
913,-5.961238013659944
914,7.177603988951383
915,-0.9485687132225724
916,-3.1530604552322496
917,-5.471337620719703
918,-5.579795163285546
919,51.77263627044566
920,392.44305889408696
921,330.10434070669834
922,261.1050013794176
923,128.98571260119107
924,57.913227007774054
925,273.80078566371105
926,299.11906806668867
927,192.35217205835113
928,84.06542068550564
929,24.700057063732128
930,2.6644157282368894
931,-3.3181471386982575
932,1.3912903128441767
933,-0.831201310667619
934,46.21983881145766
935,32.94113324570401
936,107.34727931283089
937,72.84207682284202
938,53.277439666798244
939,71.0193027365784
940,44.20587928069012
941,28.55012213236915
942,15.02098570644899
943,10.770718748544457
944,53.95726674481202
945,48.28376289449749
946,267.1360766229811
947,306.81770867925934
948,262.5351790459534
949,170.41098858233394
950,89.91189555244246
951,34.55404143308994
952,158.9514486408421
953,277.9593863725887
954,213.20836679699937
955,111.30000286893731
956,42.31737400943446
957,124.18486653199804
958,214.3187442248501
959,262.9373866178106
960,168.4822052303808
961,81.44308787015552
962,72.89586238288372
963,40.62773405371333
964,20.06724655781732
965,7.081822666659255
966,1.0350545651587504
967,-0.6385193090862741
968,-3.1331111043211832
969,-1.2426387101081076
970,31.973811349378366
971,22.870664157588045
972,14.625339450355
973,435.06751160545736
974,379.46501817014456
975,323.35056289985437
976,215.76253055371473
977,111.18274271359094
978,164.66071310445636
979,110.52649702744435
980,60.709021959089924
981,23.707467848173714
982,31.316778006172413
983,19.67700706253509
984,11.01676044463718
985,13.135672009775696
986,6.14998184533435
987,117.23057623968245
988,220.81471862512723
989,192.28806415362214
990,108.68970164443546
991,281.3532118669055
992,221.19053878884026
993,161.06750203407003
994,79.96076056331279
995,33.56530550924005
996,11.58888742301328
997,27.179110115949918
998,139.01338952927378
999,108.02821628790305
1000,61.428904138943096
1001,24.161230439728985
1002,6.907777919526279
1003,25.918821582658722
1004,79.33562529960345
1005,81.36343171868525
1006,50.08310387830319
1007,23.0090528401551
1008,19.798324226902714
1009,59.46800591389028
1010,57.02016340839022
1011,34.85661962553692
1012,15.517783832717313
1013,5.42027072933871
1014,1.6232571448597901
1015,0.4381952011019345
1016,71.28822995578024
1017,80.75876193210208
1018,111.78729830196353
1019,96.70143583529354
1020,56.561811664035545
1021,35.48477311038101
1022,18.585475959599187
1023,7.761692720318907
1024,0.7304087679410352
1025,45.95034902728691
1026,114.26844505307521
1027,79.99197421145328
1028,48.7447730771722
1029,31.422559474414697
1030,32.36911048523903
1031,22.94470696673029
1032,21.828190378014128
1033,17.995877279932575
1034,32.70242516408934
1035,21.47950978533115
1036,210.3479106568052
1037,170.5404076355669
1038,97.78001644663327
1039,55.05427892117282
1040,53.80969735795054
1041,26.848415573404168
1042,14.901764602473937
1043,32.02126718531758
1044,0.47300234317566886
1045,25.474268422963064
1046,5.020449662222996
1047,0.0077347461970034975
1048,0.002413944181041789
1049,182.71798750932027
1050,187.94353627464545
1051,153.19635887230757
1052,139.9831180215849
1053,214.7069163801283
1054,377.93956656697304
1055,315.88663809986133
1056,247.4614762781215
1057,152.3102011670434
1058,72.66631605731341
1059,35.54214410914487
1060,88.12562520838179
1061,79.90767835731303
1062,74.91251435048517
1063,26.525374394041126
1064,12.398621685679586
1065,2.1645210113455975
1066,0.577149802066956
1067,0.14342492860511982
1068,0.03420386293491584
1069,15.216579862112614
1070,45.62635860979986
1071,0.0007223121830881295
1072,0.0007169967438359027
1073,68.73365333640005
1074,425.0372764214803
1075,453.57568325429054
1076,311.94973290350384
1077,193.254611337062
1078,101.93258805623606
1079,43.88167739180465
1080,13.757675105773718
1081,11.041318100928812
1082,0.21298520589608136
1083,0.04777971398271264
1084,0.005615292614892473
1085,0.0006513694394813997
1086,0.0006465709875344219
1087,70.97286405516685
1088,35.48674821519274
1089,4.971784948951353
1090,15.208961108155012
1091,-0.04231827281856825
1092,30.41728522237062
1093,0.0006140218694153813
1094,0.000609495712618448
1095,0.0006050024757157448
1096,0.0006005674026564295
1097,15.208929472614171
1098,10.042709465131965
1099,-0.014877195301675476
1100,10.139471987023246
1101,10.139467686282197
1102,0.0005745279139737624
1103,0.0005703149525015223
1104,0.0005661073083953633
1105,55.764450844616185
1106,25.347780031234244
1107,15.208887051244885
1108,0.0005496312320263852
1109,50.69499004417012
1110,50.69498604213244
1111,-0.04394503043366367
1112,50.69497810011149
1113,30.417196381921663
1114,10.139414717829052
1115,-0.028475765586897895
1116,0.0005181158173599452
1117,25.347736536301433
1118,50.69495495907787
1119,55.76439565713678
1120,25.187973884265173
1121,0.0004993319032457905
1122,10.139384555917939
1123,25.34771425114877
1124,0.0004883919126881705
1125,0.00048480676421498167
1126,15.208814581134304
1127,-0.0006638152091394897
1128,5.069918626619404
1129,0.00047070061731016436
1130,20.278245022260645
1131,5.0699082325429305
1132,5.06990482669521
1133,0.0004570012693130953
1134,15.1354489002986
1135,-0.045596665896653836
1136,0.00044698021399732505
1137,10.139332585770735
1138,35.48655154862584
1139,0.0004372019363483052
1140,15.208767323305057
1141,30.417097468113816
1142,35.486538721815194
1143,0.00042446854358081285
1144,0.0004213493096443613
1145,5.069862697278064
1146,30.417081845614764
1147,104.20038729219137
1148,33.05888056668137
1149,24.386572498854118
1150,12.778488133133084
1151,7.566043376338843
1152,20.98642019444912
1153,0.1701867710890863
1154,0.044832296513035504
1155,0.01062010604685395
1156,0.0026483880690286858
1157,15.20871611836332
1158,25.347602191834092
1159,5.030984485320101
1160,-0.010976115065844094
1161,0.0003716458928139293
1162,0.0003689116653606431
1163,0.0003661973636728737
1164,0.00036350284117474653
1165,5.069805272396814
1166,45.625358172552836
1167,55.10075245385072
1168,-0.11770534501936523
1169,30.401748786420722
1170,25.048874173005697
1171,9.455428386133333
1172,0.00034266696120016746
1173,4.557758536675015
1174,15.2086709728052
1175,0.00033515314922215805
1176,0.00033268492873199406
1177,156.6847468337561
1178,458.14037578637556
1179,506.4719769939412
1180,497.2386511475305
1181,554.7094185150551
1182,483.57189384564083
1183,365.5796624807273
1184,307.0699382351723
1185,323.11069338080966
1186,334.85956031996176
1187,294.3434407127006
1188,210.63767196430717
1189,188.56646388023418
1190,231.62752034952524
1191,224.10643545425157
1192,181.4543783373696
1193,219.31245526397348
1194,290.4410254376289
1195,447.8861243021186
1196,603.2940624439931
1197,427.16385809822134
1198,212.20288192634465
1199,83.35044863036947
1200,62.88679138402844
1201,142.24139617278476
1202,125.83460633447207
1203,67.5524121735035
1204,28.931877558470116
1205,19.397064438117543
1206,13.4452222852514
1207,107.69704602866577
1208,330.74869954522336
1209,419.76727670742673
1210,396.4857571143385
1211,332.4008550635821
1212,249.12232035945982
1213,155.15435053964768
1214,92.99211220170304
1215,58.670441816513794
1216,26.170895682306888
1217,9.013488614053715
1218,1.1883944157930708
1219,-1.6369161931830987
1220,-2.1031960419086086
1221,-1.817640880365551
1222,-3.2487043928627033
1223,-2.8568831646535457
1224,-3.4007622685280734
1225,-3.857975177926417
1226,-2.1989734301067787
1227,5.602829809024705
1228,30.865456408974836
1229,21.780026612198775
1230,10.641029412884196
1231,1.954355079679274
1232,-1.5608627184519075
1233,13.028163841119277
1234,6.324662838670105
1235,2.345749596894454
1236,61.75035145048337
1237,183.12801609635596
1238,134.7903490649006
1239,71.98588855264887
1240,25.769479742730457
1241,5.778970748690898
1242,5.139056500961801
1243,-0.7461519785112731
1244,-1.6307577886317257
1245,-3.193915746356763
1246,-3.9001437667303733
1247,-3.36379394403436
1248,-3.8436429948366704
1249,-3.6274906204524067
1250,2.098810581400937
1251,61.238524318246476
1252,170.0640819360196
1253,163.55489000591356
1254,231.14119870042137
1255,147.72282916784835
1256,74.72031768052072
1257,25.63374576353722
1258,5.860906549404421
1259,-1.645284144683334
1260,-3.7146387254863584
1261,-4.719788645343425
1262,-5.012807979282387
1263,-1.1299482885372982
1264,-6.127042419763209
1265,-0.7924832732144385
1266,5.6714870153978225
1267,10.622345906008476
1268,1.6866669282316566
1269,-0.6642905239748123
1270,-2.7304935663773393
1271,1.9201819196398968
1272,-5.795083087277504
1273,-6.385368194058623
1274,197.86591701282094
1275,159.5832906128317
1276,89.13912072093848
1277,32.792094669105296
1278,68.76029587940504
1279,169.46042827729946
1280,121.05691281674883
1281,80.89965782291888
1282,80.9311841509194
1283,50.600305430800084
1284,108.78326192188547
1285,73.23861209696096
1286,44.584538777220615
1287,42.54286530341207
1288,20.69468855284071
1289,7.473306306912797
1290,84.2774235953589
1291,66.26381564062899
1292,32.27666807244271
1293,8.019423815624148
1294,35.68308047384174
1295,24.95072578745972
1296,9.434434522319378
1297,0.3118427881493657
1298,60.36253064803562
1299,350.66947823552186
1300,277.01072832454696
1301,174.85219911545715
1302,110.82150424108748
1303,291.8219483357876
1304,236.16473354902044
1305,217.5156055642795
1306,119.0513281842573
1307,53.693385993324625
1308,18.15764889530563
1309,3.681893718494537
1310,-0.4538081992393177
1311,15.940855915053522
1312,9.08012968519249
1313,4.434812464016504
1314,0.6130519827792575
1315,-2.866690046890099
1316,-3.229034963070006
1317,-3.112796224646217
1318,-2.6719287861237793
1319,5.226363034737302
1320,29.868245062421742
1321,133.39839598552962
1322,188.89509987842965
1323,124.8619003913747
1324,60.9735755544057
1325,20.40210378759449
1326,4.121361087182418
1327,0.7624271318214595
1328,-2.198269476061426
1329,-1.3266168953974085
1330,18.034844350229307
1331,31.102928911390602
1332,19.56361711967678
1333,28.262882498438945
1334,46.96923957290372
1335,35.079904506230434
1336,15.42491824343948
1337,44.853977745561934
1338,72.1331876149371
1339,154.08551096044283
1340,303.7931481471127
1341,219.60552242077372
1342,255.16315880660824
1343,235.54384492503686
1344,143.6193474003095
1345,78.35878973453575
1346,88.61555698573044
1347,56.42646220464441
1348,66.2463041705015
1349,100.27123568616146
1350,158.6804835756211
1351,174.7912999426247
1352,191.61579232387155
1353,166.98030016077573
1354,225.24072261023468
1355,159.09956911221084
1356,96.9272054669796
1357,545.9997191479573
1358,679.7916011642287
1359,603.4698026398326
1360,378.6177486623459
1361,183.05311367767007
1362,72.55090645788958
1363,94.92072544295678
1364,366.4047155697864
1365,426.9142991936401
1366,297.93901625888674
1367,160.82381182535377
1368,80.40739019388086
1369,34.88552660484969
1370,13.12942301334298
1371,75.52640183475393
1372,352.68956193934616
1373,279.6496533112646
1374,155.43659290205338
1375,61.128213282081944
1376,19.615927438608534
1377,5.534370374600607
1378,1.4278544621546396
1379,0.3450412405766911
1380,0.07933150794168203
1381,0.01671794923351398
1382,7.268692387421562e-05
1383,7.215710620879575e-05
1384,7.163118593379982e-05
1385,7.110913437964371e-05
1386,7.056543697652842e-05
1387,7.005103769733328e-05
1388,-0.06977605133134211
1389,6.903356321749414e-05
1390,6.853043255108555e-05
1391,6.803100296293318e-05
1392,6.750976111643326e-05
1393,6.701765220858873e-05
1394,6.652916330186938e-05
1395,6.604426776719381e-05
1396,94.90418167579918
1397,77.81594779249454
1398,45.469431567783694
1399,30.007930126402467
1400,53.35248236369148
1401,150.84278368109108
1402,278.7760275953194
1403,231.78084514067285
1404,114.95106965739386
1405,43.67395589150577
1406,36.01333639811683
1407,107.97680800284488
1408,67.54802449703958
1409,40.066036790686844
1410,17.590702733453615
1411,9.297749422202966
1412,14.176462381558053
1413,62.01662479198134
1414,86.73867619798952
1415,51.77039372033302
1416,22.189124230131906
1417,7.565656838687854
1418,2.229521274379526
1419,0.5942236525388023
1420,0.14718314526596907
1421,35.62340393201934
1422,273.31139478152136
1423,233.27997421920432
1424,253.33624531641263
1425,187.68310813176402
1426,109.15203820448018
1427,70.13817500068865
1428,30.70426179436962
1429,4.614773056657291
1430,1.2404967867433208
1431,0.3090338463475305
1432,64.47113084951738
1433,162.9619105342608
1434,186.95983485698335
1435,120.42835391953516
1436,67.35549722284605
1437,30.864624570379846
1438,32.75356721188806
1439,39.5784403750222
1440,1.2393586448959015
1441,43.81167579267219
1442,36.14772404807559
1443,86.15987792948437
1444,46.46869687485828
1445,7.030535046626421
1446,0.5562627231796001
1447,5.2135482993124596
1448,30.451612823130663
1449,35.49419080274657
1450,35.487932168253685
1451,45.62504368197489
1452,5.040898134407994
1453,15.208376380991448
1454,30.41670937517555
1455,30.32592294638336
1456,15.208375421421017
1457,30.416708447962446
1458,15.208374810094002
1459,15.205777272526747
1460,4.08743945338482e-05
1461,20.277818354308458
1462,40.555595836413495
1463,20.27781773965186
1464,3.9670535329869536e-05
1465,5.069483825784145
1466,5.069483538715865
1467,10.137149140521776
1468,3.8526454433447046e-05
1469,40.55559380123034
1470,3.796696055577857e-05
1471,3.769029658719691e-05
1472,3.741566778575325e-05
1473,3.711757306944849e-05
1474,45.625036846969806
1475,10.138925467246006
1476,25.347258533942593
1477,3.604704503090004e-05
1478,25.347258006538894
1479,3.5523520964277473e-05
1480,65.90281304242149
1481,3.5007670756825705e-05
1482,3.4752588134327645e-05
1483,3.44738958133697e-05
1484,5.069478666996659
1485,25.347256195279744
1486,30.416700392064804
1487,3.347956055758024e-05
1488,3.323553138443668e-05
1489,20.277810771075096
1490,40.55558830840071
1491,3.2514161756747334e-05
1492,10.138921166123042
1493,35.486143153160526
1494,15.20836511644193
1495,10.138920440260103
1496,76.00820972872987
1497,35.445118214904
1498,10.138919755225976
1499,20.277808419121342
1500,20.262656175487496
1501,3.0196309558781573e-05
1502,2.9976244821906047e-05
1503,2.9757798902699535e-05
1504,10.138918429848784
1505,50.69447377016042
1506,15.20836244538874
1507,5.069473318924883
1508,2.866395172668978e-05
1509,2.8454971685170265e-05
1510,2.8247528921219556e-05
1511,10.138916930501017
1512,30.416694503876744
1513,4.9717497435233025
1514,2.743290571794439e-05
1515,5.069471677425817
1516,10.138915923416578
1517,5.069471281978293
1518,2.6641989114119336e-05
1519,2.6447882826795042e-05
1520,2.6229718293141836e-05
1521,10.138914927346123
1522,25.34724807082533
1523,25.272483543686153
1524,5.069469917518782
1525,10.138914176268113
1526,10.13891399193899
1527,5.069469364521364
1528,10.138913627338598
1529,2.4558158562621886e-05
1530,2.437919365776682e-05
1531,10.138913090434126
1532,55.763912914092515
1533,5.069468294603623
1534,2.367640238517506e-05
1535,5.069467922882099
1536,2.330722780279984e-05
1537,2.3137277388307482e-05
1538,15.208356301910479
1539,75.8922999287627
1540,25.299339219260442
1541,5.069466914330268
1542,5.069466750539423
1543,2.2143508993491806e-05
1544,20.27779975989679
1545,20.277799599694006
1546,10.138910551780796
1547,10.138910393926277
1548,20.236066965086657
1549,10.117925599456747
1550,5.069465482851329
1551,2.088514613684845e-05
1552,25.3013157101873
1553,-0.04833781275904911
1554,-0.02657886340172935
1555,-0.7230734037603556
1556,70.2453529160995
1557,29.770275787713068
1558,111.29397881390375
1559,1.9673471485305028e-05
1560,-0.23597090438273433
1561,3.558700161132811
1562,-0.9098793110214635
1563,-0.802889148664664
1564,20.432939172675336
1565,94.57392410100483
1566,339.2568069237056
1567,570.8199907047988
1568,547.7450083482317
1569,541.6440641899894
1570,534.1015965092073
1571,500.33404871067324
1572,525.6444370217107
1573,435.02032909535853
1574,249.2938460405579
1575,182.50209567932473
1576,199.83446236149908
1577,242.6461827347764
1578,385.6570929609873
1579,550.1240464811756
1580,716.0290602888862
1581,901.2867762956432
1582,1009.7818167810846
1583,1164.760156847336
1584,1034.6941727192795
1585,595.1789716326988
1586,259.4883122545409
1587,90.2995145423461
1588,69.14635796273753
1589,116.7465235919876
1590,112.8005809694692
1591,97.24361954959043
1592,60.62696624171611
1593,27.917037128063917
1594,9.815684058157048
1595,2.0261265790028062
1596,23.063630819928434
1597,24.881132636571266
1598,13.306659507590787
1599,5.495578789960546
1600,1.5238474371310944
1601,-0.01788528950184798
1602,-1.2271520552040158
1603,-1.2505196740384754
1604,-1.873399112209444
1605,15.831103570325523
1606,17.59212555878521
1607,8.540173580692752
1608,56.70301882649422
1609,303.9499057117922
1610,239.02105174017493
1611,176.16900832703027
1612,206.32773459800825
1613,464.8458921369696
1614,347.39758161825085
1615,273.06192092772045
1616,146.0102604505794
1617,78.13491164188572
1618,34.32610530264422
1619,8.792643509134297
1620,-0.8189694285515063
1621,58.044057832025246
1622,41.89502366791326
1623,29.859022652335714
1624,33.799166095858624
1625,151.5226534894873
1626,116.83146476145838
1627,61.15753707347726
1628,20.042710436470905
1629,1.5987536475657675
1630,142.04007866840988
1631,135.95604205237026
1632,94.4723228300726
1633,66.59430250704911
1634,29.353444507734196
1635,10.85384854248262
1636,-1.374203392945124
1637,71.09250969487856
1638,304.0761597280804
1639,234.05060363199024
1640,127.11209290726065
1641,46.21490930779917
1642,38.33888407767047
1643,35.09402279070274
1644,17.0358008769107
1645,12.596639160506944
1646,51.59791466966671
1647,276.3975866866182
1648,338.2573929634292
1649,224.65037723800546
1650,102.5358574321637
1651,34.755616936926295
1652,13.917631123245135
1653,124.17041124724831
1654,111.15575027042932
1655,126.8219089493352
1656,79.84305196854618
1657,35.872544311401874
1658,11.360521197921209
1659,28.392995614190667
1660,15.385870857486916
1661,11.683862432560534
1662,4.449847589297907
1663,1.668258382748868
1664,23.204943467377312
1665,13.548961465932798
1666,34.04287026916058
1667,70.40948591505487
1668,45.613501426707955
1669,28.854088037475456
1670,525.4632461532399
1671,444.5319576520338
1672,333.5088855987845
1673,190.53336644606603
1674,86.75716632385294
1675,142.32632793166326
1676,359.9253973932389
1677,321.66510685160745
1678,184.7654293418556
1679,76.76251660947688
1680,25.380269404673196
1681,46.88943385962682
1682,224.36423944038222
1683,310.0335654644711
1684,237.43932139109882
1685,130.50391131289555
1686,52.74692129661569
1687,69.52914854181726
1688,132.97399590062113
1689,100.51286636619234
1690,61.00974422850777
1691,54.46523109541644
1692,62.327013622918045
1693,39.71662065320122
1694,19.11703765836253
1695,50.79987870508709
1696,68.38562233565312
1697,72.31746699169311
1698,43.04085006148195
1699,20.84544057477525
1700,6.281380924299365
1701,1.1473740703430197
1702,11.032913899005028
1703,85.77620117232019
1704,169.93798022331544
1705,140.58449808541508
1706,307.70516782376365
1707,235.66987674451795
1708,153.09720801694883
1709,104.10426390643295
1710,322.2977483125433
1711,247.61127106251325
1712,138.96599933320803
1713,123.93520080168963
1714,93.27557461857272
1715,52.33822364695739
1716,71.05769349086405
1717,47.127025034007126
1718,25.194301468207318
1719,9.663926569439193
1720,3.1003283242889044
1721,24.597774919160894
1722,114.58230697882081
1723,155.95333197288292
1724,183.72778683030532
1725,308.97022912576597
1726,237.35600993296825
1727,166.02213556863683
1728,247.5582593212256
1729,169.95308166895327
1730,162.6628282090542
1731,200.43096676276735
1732,344.5394572056568
1733,419.78148765312505
1734,329.6881026040298
1735,236.62749321695983
1736,146.09062987158345
1737,237.44873843191036
1738,166.90017291781038
1739,101.50391663634727
1740,44.4469216961537
1741,16.757128097799388
1742,17.2421799293569
1743,57.34551851831574
1744,138.33107254059217
1745,113.7618128597399
1746,88.27579963608301
1747,176.51970120424141
1748,127.57861616552313
1749,81.53558408725131
1750,48.69956153124279
1751,35.93872334209096
1752,20.117622830705972
1753,9.313940629223934
1754,3.3613538806701473
1755,1.0312262275893416
1756,0.2827515240520846
1757,23.795834500461254
1758,55.05922962776307
1759,140.850842227694
1760,152.0198877605032
1761,139.42812615803635
1762,118.13719658522514
1763,107.97711367908136
1764,68.5776422516863
1765,61.13736976051355
1766,17.89126889106989
1767,83.92910314997178
1768,48.95405964819788
1769,33.082284160463935
1770,11.115581002034777
1771,28.45997495443794
1772,116.70049354951598
1773,128.2593536968484
1774,71.59063191514278
1775,54.87539141998973
1776,30.66222580213769
1777,44.88355342151986
1778,70.96985878860193
1779,24.58588596481865
1780,31.509437789923116
1781,28.660574596314063
1782,215.51923254252162
1783,454.01988414163316
1784,410.50410547979067
1785,238.0649486908622
1786,111.6760456140336
1787,41.523779681565514
1788,10.94319158341919
1789,2.9573162719029553
1790,10.879369156472759
1791,20.45258926741808
1792,30.666868799333326
1793,45.010464793302404
1794,62.56208671641174
1795,60.010038563934145
1796,41.3291671018951
1797,16.902848029086165
1798,24.00279184546614
1799,1.0382923757834106
1800,5.335115351294645
1801,30.4804691416026
1802,35.50059422464748
1803,25.349945898571516
1804,5.069447663873612
1805,3.1959342097436425e-06
1806,15.208336505945418
1807,3.1494615186710767e-06
1808,3.126481250868354e-06
1809,5.069447548114474
1810,3.0810266070249107e-06
1811,15.208336391883087
1812,106.45833636957158
1813,15.208336347424188
1814,2.9921063867942596e-06
1815,2.9702836386896465e-06
1816,10.138891837510313
1817,30.41666959378522
1818,5.069447350218307
1819,2.884586183513668e-06
1820,20.277780641332146
1821,5.069447287121704
1822,40.555558377509286
1823,15.208336134715971
1824,30.416669447629538
1825,2.760693314841387e-06
1826,10.138891629461755
1827,30.41666938726709
1828,25.34722492299712
1829,5.069447125539657
1830,25.347224883782516
1831,50.69444708661352
1832,2.62292049844474e-06
1833,2.60381351774429e-06
1834,2.584847089857519e-06
1835,2.5660201808642214e-06
1836,2.5473317644498077e-06
1837,5.069446973225268
1838,2.5103663417920926e-06
1839,5.069446936531766
1840,40.55555802949833
1841,2.455931675428703e-06
1842,20.277780215830862
1843,2.420306002853292e-06
1844,2.4026894741449214e-06
1845,2.3852025343400013e-06
1846,10.138891256733121
1847,20.2777801283914
1848,20.277780111287534
1849,5.069446760976149
1850,10.13889118856744
1851,15.208335616282701
1852,15.15046868128093
1853,5.069446694303729
1854,5.069446677941023
1855,2.2172542374867096e-06
1856,2.201131377369535e-06
1857,2.185127118583965e-06
1858,10.138891058129479
1859,10.138891042359813
1860,2.1378172578289216e-06
1861,15.208335455612078
1862,25.34722432907676
1863,-0.046550667207280134
1864,2.076345661881364e-06
1865,35.48611317237045
1866,45.625002046284
1867,25.33063608724781
1868,5.0694464611074155
1869,2.002015678497164e-06
1870,10.138890876365025
1871,5.06944641748799
1872,20.277779736494903
1873,15.20833527782942
1874,1.930379661371072e-06
1875,1.9163670786168295e-06
1876,1.9024575737880788e-06
1877,5.0694463330948345
1878,30.29415684909685
1879,-0.08974674583301595
1880,5.0694462922796975
1881,1.8344298740945534e-06
1882,35.48611293223422
1883,10.138890696803118
1884,20.277779572580293
1885,91.25000178178726
1886,-0.027366654514430083
1887,1.7560432397035007e-06
1888,30.41666840997976
1889,15.208335064009924
1890,15.208335051466376
1891,5.069398238605335
1892,10.138890582210975
1893,45.62500168105333
1894,40.555557224430366
1895,30.416668323452544
1896,10.138890533674768
1897,25.347223855096377
1898,1.6210500474166017e-06
1899,50.694446053757375
1900,4.993395742992878
1901,10.099049131490714
1902,5.069446019061498
1903,5.06944600766594
1904,20.277779329687544
1905,1.5406812413729757e-06
1906,45.625001529535325
1907,29.438975739619718
1908,20.27777928526662
1909,20.166252674647005
1910,25.347223707987748
1911,60.77678871457553
1912,40.50395188396631
1913,1.453776123444868e-06
1914,1.4432694828023217e-06
1915,1.4328401300331333e-06
1916,-0.08780553678471315
1917,-0.7922865504148755
1918,-0.05748172784407174
1919,1.3663981783850069e-06
1920,1.3563468201097615e-06
1921,-1.4790287846770582
1922,4.946651348854647
1923,-0.44361234056786863
1924,-0.0903057894502209
1925,1.3071882921334763e-06
1926,-1.0041816213235968
1927,8.971290027114685
1928,166.95414656255326
1929,510.37485698115563
1930,667.6211821230912
1931,602.7895553277016
1932,596.4683421181887
1933,585.6499199612163
1934,568.4808023478587
1935,528.9843234462837
1936,471.8451112722662
1937,447.48716532709585
1938,558.0822757544375
1939,619.5818432256538
1940,593.7021502796348
1941,575.4956571668515
1942,604.8717890103497
1943,621.41883236327
1944,675.9979551746471
1945,560.2665936874045
1946,282.88509740713243
1947,116.1374452527116
1948,38.094586222391364
1949,252.41401946505857
1950,201.09926666983347
1951,116.2598538610744
1952,55.582219038878215
1953,20.3703092057318
1954,7.4334832472113055
1955,3.095744039370701
1956,20.467950176173083
1957,23.793722415775857
1958,32.558117559073665
1959,19.989294000960726
1960,9.7357442378893
1961,10.778646822357018
1962,4.35981441610675
1963,1.677000752609803
1964,19.875967394352667
1965,13.385128763694048
1966,5.8727889040173515
1967,5.44363203221232
1968,213.1008505783205
1969,327.7710553032871
1970,226.33393835494456
1971,112.22931863049334
1972,45.68958356696995
1973,52.03628482649772
1974,115.42089210064447
1975,96.4796319190386
1976,50.83745422154925
1977,18.40921870416494
1978,3.837749357458539
1979,-2.9744148363517477
1980,-4.585310768236136
1981,-6.3344936130298555
1982,-6.414990567876157
1983,29.165702253270965
1984,18.383164363406713
1985,38.26441739385272
1986,49.721946843000325
1987,220.01903773976318
1988,243.83962750712146
1989,191.23513547072807
1990,96.32708668161705
1991,43.10119534495464
1992,13.569260099447146
1993,-2.140686450104803
1994,-5.314342787269675
1995,-6.920154759388711
1996,18.355493010535362
1997,282.3271244829775
1998,359.3793914844753
1999,278.11507713453835
2000,146.27378424957627
2001,95.66990140643772
2002,49.23969949605137
2003,18.252386105283257
2004,2.6874899760429534
2005,0.5851267900938613
2006,19.58515562997416
2007,152.50947262174245
2008,119.61398364596823
2009,68.0216662463959
2010,129.0900220419532
2011,86.23574165404945
2012,46.12718142441747
2013,14.482376446998721
2014,-0.6724031644062425
2015,-6.557136425105222
2016,-5.935526730051751
2017,-4.707220298601808
2018,-4.514687468063111
2019,-4.5604982167451675
2020,-0.6965345870166909
2021,322.79605440321427
2022,350.0235077359695
2023,223.68488991970912
2024,95.87929492309517
2025,31.547511335786325
2026,5.6962708800973045
2027,-2.8834057363709493
2028,42.35012829831928
2029,88.96516783889862
2030,61.12028896045226
2031,30.286313413639082
2032,212.67409339151766
2033,171.182898923691
2034,95.23490752087022
2035,35.58034739128334
2036,7.937440900085507
2037,86.16623431325445
2038,62.81297859808543
2039,34.943522064896804
2040,11.36479855834929
2041,0.07469249518312271
2042,363.81873732033444
2043,445.600133875591
2044,298.7062841897307
2045,141.29787726610687
2046,49.02261731588351
2047,112.38947828356208
2048,78.8929227191301
2049,44.879097853266174
2050,34.65314745963645
2051,22.610792408654483
2052,7.590759460303898
2053,0.31082841116821935
2054,-3.1458811365465147
2055,-3.891727404987784
2056,4.709807679235764
2057,241.45850790546677
2058,202.02470685282043
2059,113.08957810643496
2060,44.324754050857955
2061,14.452703400938814
2062,3.111793911538465
2063,-1.0430637830229976
2064,-2.722920054953432
2065,-0.2707866088366012
2066,199.22688778460278
2067,258.4818957418722
2068,202.0451099836461
2069,103.9383847725802
2070,41.95181556197613
2071,14.732437296753238
2072,51.35661341831302
2073,56.96348785138293
2074,84.11417373585041
2075,64.10597090123322
2076,34.4601023164196
2077,74.14961984343394
2078,124.81525865289593
2079,97.17173442688349
2080,52.26684588728495
2081,21.681164260921232
2082,125.81828060672117
2083,120.51580438528494
2084,74.77875674364095
2085,44.84256200343406
2086,29.159399063499855
2087,50.39049567897144
2088,54.72869931661246
2089,34.58996555898324
2090,16.649773524903853
2091,6.048975282182252
2092,13.718942366602857
2093,9.79774742548482
2094,5.812162116666487
2095,120.92868124592118
2096,109.87368478487744
2097,102.3614067131489
2098,211.1152732434066
2099,153.8314072943793
2100,95.37623973261805
2101,101.47963082319235
2102,147.71725651748628
2103,101.68940185305313
2104,88.20030750996861
2105,155.88532877460082
2106,190.75678704096444
2107,125.25868317559977
2108,61.36571293068945
2109,22.627950684062796
2110,18.87409951259834
2111,165.1761086380715
2112,203.2276988586069
2113,275.4918746589976
2114,192.80274190950374
2115,99.73777153281267
2116,39.99331290203771
2117,12.866774819349011
2118,62.164850790369655
2119,48.90306879376868
2120,28.243817914132833
2121,82.40749000064307
2122,227.13596594109134
2123,182.38457222300937
2124,98.51583194818012
2125,49.347414317920254
2126,37.593992687037144
2127,60.20403965486598
2128,205.61244973592588
2129,229.39025235603333
2130,157.83251910716518
2131,184.88863170231124
2132,212.7296119962073
2133,137.21554078515717
2134,68.66687421886547
2135,25.480516163624593
2136,18.841173732570816
2137,39.19689589696085
2138,29.23613124759321
2139,23.227206595138842
2140,40.234335272255485
2141,38.47792630636746
2142,68.64671028125036
2143,47.172152636649365
2144,25.37870666314208
2145,73.44691893477089
2146,81.10035405670587
2147,38.80524076657032
2148,16.344655517982265
2149,23.92304477531276
2150,46.65583970986933
2151,0.2665293028598699
2152,20.34170548456447
2153,20.29249602618185
2154,-0.005566806786987047
2155,5.069444683686961
2156,10.138889126371515
2157,35.48611134684679
2158,70.97222245622382
2159,15.20833356561358
2160,5.069444675016015
2161,35.48611133998658
2162,5.069444671636278
2163,86.18055578107615
2164,-0.04932951289145247
2165,-0.04029619366706562
2166,5.069444665024699
2167,15.208333552290977
2168,5.069444661791415
2169,35.48611132685926
2170,15.208333547494414
2171,10.13888910147458
2172,20.27777798879967
2173,15.208333542802926
2174,25.290897126829456
2175,15.208333539732502
2176,25.3472224271031
2177,5.069444647818198
2178,2.018777155344438e-07
2179,2.0039268336832733e-07
2180,1.9891857524367105e-07
2181,1.9745531080216059e-07
2182,10.138889084891701
2183,15.208333527894329
2184,5.069444637574231
2185,5.069444636153549
2186,1.902988724368252e-07
2187,5.069444633343461
2188,40.55555574306502
2189,5.069444630574563
2190,5.069444629205372
